"48","A","70","P","6","BAK","MAR60","0.46000","MAR80","0.32350","MAG","0.00659","OH","0.04500","CAL","0.00847","RESLIQ","0.04143","RESPOL","0.11490","SIL","0.00010","","0.00000","","0.00000","","0.00000","","0.00000"
"2","OA","24","R","5","V","MAR 24","0.39190","MAR 20","0.31260","MAR 36","0.07816","AE67","0.11260","B64N","0.05958","AGUA","0.04508","","0.00000","","0.00000","","0.00000","","0.00000","","0.00000","","0.00000"
"3","OA","46","P","5","V","MAR 46","0.62670","MAR 36","0.15600","AE67","0.09330","B55N","0.07750","AGUA","0.04660","","0.00000","","0.00000","","0.00000","","0.00000","","0.00000","","0.00000","","0.00000"
"4","99R","60","O","5","V","BCO60","0.66900","BCO120","0.07691","B64N","0.11830","AC64","0.08187","OH","0.00016","AGUA","0.05375","","0.00000","","0.00000","","0.00000","","0.00000","","0.00000","","0.00000"
"5","OA","36","Q","5","V","MAR36","0.46970","MAR24","0.31220","AE67","0.11240","B64N","0.05920","AGUA","0.04647","","0.00000","","0.00000","","0.00000","","0.00000","","0.00000","","0.00000","","0.00000"
"6","49A","36","L","5","V","BCO24","0.33600","MAR36","0.50400","AE67","0.10100","B64N","0.05040","HAR","0.00860","","0.00000","","0.00000","","0.00000",\N,\N,\N,\N,\N,\N,\N,\N
"7","OA","60","0","5","V","MAR60","0.46870","MAR46","0.18690","MAR80","0.12520","AE67","0.10220","B64N","0.07070","AGUA","0.04630","","0.00000","","0.00000","","0.00000","","0.00000","","0.00000","","0.00000"
"8","99R","60","J K","12","V","BCO60","0.47300","BCO46","0.31430","B64N","0.13410","OH","0.00135","NU12","0.02346","HAR","0.01544","AGUA","0.03829","","0.00000","","0.00000","","0.00000","","0.00000","","0.00000"
"9","99R","60","K","5","V","BCO60","0.47580","BCO46","0.32010","B64N","0.13560","OH","0.00083","HAR","0.01752","AGUA","0.05008","","0.00000","","0.00000","","0.00000","","0.00000","","0.00000","","0.00000"
"10","99R","70","L","5","V","BCO60","0.49590","BCO80","0.24870","BCO120","0.05694","B55N","0.14460","OH","0.00076","HAR","0.01525","AGUA","0.03787","","0.00000","","0.00000","","0.00000","","0.00000","","0.00000"
"11","C V","80","J K","5","V","CV70","0.29070","CV80","0.29070","AR80F","0.14530","CVA","0.04360","CC64","0.04360","CC46","0.06540","B55N","0.02890","HAR","0.01445","AGUA","0.07740","","0.00000","","0.00000","","0.00000"
"12","C N","36","J","5","V","CN 36","0.38860","CN 100","0.16680","AR36/46","0.22180","A73N","0.08330","B55N","0.04160","HAR","0.01420","AGUA","0.08380","","0.00000","","0.00000","","0.00000","","0.00000","","0.00000"
"13","C N","120","P","5","VIT","CN120","0.34500","CN80","0.17000","RR80F SH","0.17000","CZ120","0.05250","A73N","0.12000","B55N","0.06000","AGUA","0.08250","","0.00000","","0.00000","","0.00000","","0.00000","","0.00000"
"14","49A","46","K","5","V","MAR46","0.56860","BCO36","0.24330","AE67","0.08940","B64N","0.04884","HAR","0.00829","AGUA","0.04147","","0.00000","","0.00000","","0.00000","","0.00000","","0.00000","","0.00000"
"15","OA","36","J K","5","V","MAR36","0.48760","MAR24","0.32480","AE67","0.09205","B64N","0.04602","HAR","0.00826","AGUA","0.04132","","0.00000","","0.00000","","0.00000","","0.00000","","0.00000","","0.00000"
"16","C V","100","J K","5","V","CV120","0.18450","CV100","0.18450","CV90","0.18450","AR80F","0.18450","CVA100","0.05541","CC64","0.04416","CC46","0.07000","B55N","0.02757","AGUA","0.06480","","0.00000","","0.00000","","0.00000"
"17","C N","36","J K","5","V","CN 24","0.09453","CN 36","0.28510","CN 80","0.15000","CN 100","0.04960","ARM","0.13240","A73N","0.10000","B55N","0.05000","HAR","0.02734","AGUA","0.11100","","0.00000","","0.00000","","0.00000"
"18","C N","120","O","5","V","NEG120","0.79050","CC64","0.09490","CC46","0.05530","B64N","0.03950","HAR","0.01970","","0.00000","","0.00000","","0.00000","","0.00000","","0.00000","","0.00000","","0.00000"
"19","C N","60","K","5","V","CN 60","0.38260","CN 46","0.23040","AR60/80","0.15360","CC64","0.05360","CC46","0.06950","B64N","0.03050","HAR","0.00725","AGUA","0.07250","","0.00000","","0.00000","","0.00000","","0.00000"
"20","49A","60","K","5","V","MAR60","0.42450","BCO46","0.33950","BCO120","0.04240","B55N","0.14430","OH","0.00042","HAR","0.01270","AGUA","0.03610","","0.00000","","0.00000","","0.00000","","0.00000","","0.00000"
"21","99B","60","L","5","V","BCO46","0.23040","BCO60","0.46090","BCO80","0.11520","AE67","0.08400","CC55","0.04943","HAR","0.01153","AGUA","0.04852","","0.00000","","0.00000","","0.00000","","0.00000","","0.00000"
"22","49A","46","O P","5","V","MAR 46","0.46730","BCO36","0.31130","AE67","0.10510","B64N","0.06596","AGUA","0.05030","","0.00000","","0.00000","","0.00000","","0.00000","","0.00000","","0.00000","","0.00000"
"23","C V","60","J K","5","VIT","CV 60","0.28780","CV 46","0.28780","AR80F","0.14380","CVAP","0.05750","CC64","0.04600","CC46","0.07790","B55N","0.01730","HAR","0.01390","AGUA","0.06800","","0.00000","","0.00000","","0.00000"
"24","99B","80","J K","5","V","BCO80","0.57000","BCO60","0.24360","AE67","0.08121","CA55","0.04777","HAR","0.01592","AGUA","0.04140","","0.00000","","0.00000","","0.00000","","0.00000","","0.00000","","0.00000"
"25","99R","80","L M","5","V","BCO60","0.17800","BCO80","0.47640","BCO120","0.12040","B64N","0.15500","OH","0.00104","HAR","0.01152","AGUA","0.05759","","0.00000","","0.00000","","0.00000","","0.00000","","0.00000"
"26","99B","36","J K","5","V","BCO36","0.48530","BCO24","0.32350","AE67","0.08120","CA55","0.04770","HAR","0.01650","AGUA","0.04570","","0.00000","","0.00000","","0.00000","","0.00000","","0.00000","","0.00000"
"27","99R","36","J K","5","V","BCO36","0.54160","BCO24","0.27100","B64N","0.13020","OH","0.00065","HAR","0.01650","AGUA","0.04000","","0.00000","","0.00000","","0.00000","","0.00000","","0.00000","","0.00000"
"28","49A","70","Q","5","V","MAR46","0.06190","MAR60","0.53730","MAR120","0.14940","BB46","0.14070","AE67","0.06140","AGUA","0.04930","","0.00000","","0.00000","","0.00000","","0.00000","","0.00000","","0.00000"
"29","99B","36","H","8","V","BCO24","0.23860","BCO36","0.55750","AE67","0.06860","CA55","0.04075","AS30","0.03800","HAR","0.01945","AGUA","0.03703","","0.00000","","0.00000","","0.00000","","0.00000","","0.00000"
"30","99R","36","H","8","V","BCO36","0.47700","BCO24","0.30900","B64N","0.11360","OH","0.00060","AS30","0.05400","HAR","0.01790","AGUA","0.02790","","0.00000","","0.00000","","0.00000","","0.00000","","0.00000"
"31","A","16","R","6","BAK","MAR14","0.22000","MAR20","0.23000","MAR24","0.21200","CZ20/24","0.09330","FLUO","0.01400","OH","0.00500","CAL","0.01100","RESPOL","0.11500","RESLIQ","0.05500","MAG","0.00467","OX NE","0.04000","","0.00000"
"32","99R","60","K L","5","V","BCO60","0.48570","BCO46","0.32380","B64N","0.13760","OH","0.00119","HAR","0.01595","AGUA","0.03570","","0.00000","","0.00000","","0.00000","","0.00000","","0.00000","","0.00000"
"33","99R","46","J","5","V","BCO46","0.57540","BCO36","0.24640","B64N","0.12250","OH","0.00055","HAR","0.01660","AGUA","0.03850","","0.00000","","0.00000","","0.00000","","0.00000","","0.00000","","0.00000"
"34","99B","46","J K","5","V","BCO46","0.56000","BCO36","0.23960","AE67","0.08179","CA55","0.04608","HAR","0.01612","AGUA","0.05645","","0.00000","","0.00000","","0.00000","","0.00000","","0.00000","","0.00000"
"35","OA","100","K","5","V","MAR120","0.63090","MAR80","0.12620","B64N","0.16400","HAR","0.03150","AGUA","0.04730","","0.00000","","0.00000","","0.00000","","0.00000","","0.00000","","0.00000","","0.00000"
"36","49A","120","P","VR","V","MAR80","0.44300","MAR120","0.22150","RR100FSH","0.11000","B64N","0.10410","AE67","0.06640","AGUA","0.05490","","0.00000","","0.00000","","0.00000","","0.00000","","0.00000","","0.00000"
"37","OA","54","P","5","V","MAR60","0.77980","AE67","0.08600","B64N","0.08600","AGUA","0.04820","","0.00000","","0.00000","","0.00000","","0.00000","","0.00000","","0.00000","","0.00000","","0.00000"
"38","99R","36","J","5","V","BCO36","0.81250","B55N","0.12190","OH","0.00060","HAR","0.02030","AGUA","0.04470","","0.00000","","0.00000","","0.00000","","0.00000","","0.00000","","0.00000","","0.00000"
"39","99R","46","K L","5","V","BCO46","0.57250","BCO36","0.22840","B64N","0.13730","OH","0.00070","HAR","0.01700","AGUA","0.04400","","0.00000","","0.00000","","0.00000","","0.00000","","0.00000","","0.00000"
"40","99B","46","P","5","V","BCO46","0.46920","BCO36","0.31350","BB46","0.07980","AE67","0.03940","AN75","0.03940","HAR","0.01500","AGUA","0.04380","","0.00000","","0.00000","","0.00000","","0.00000","","0.00000"
"41","99R","100","L","5","V","BCO80","0.39490","BCO120","0.39490","B64N","0.14920","OH","0.00082","HAR","0.00829","AGUA","0.05182","","0.00000","","0.00000","","0.00000","","0.00000","","0.00000","","0.00000"
"42","C V","120","J K","5","V","CV120","0.57300","ARF","0.14320","CVA100","0.05700","CC46","0.06330","CC64","0.04020","B64N","0.02580","HAR","0.01150","AGUA","0.08600","","0.00000","","0.00000","","0.00000","","0.00000"
"43","A","14","R","4","BAK","MAR14","0.68850","CZ 14","0.07000","FLUO","0.01200","OH","0.01000","CAL","0.00980","MAG","0.00470","SIL","0.00095","RESPOL","0.11000","RESLIQ","0.04900","PIRIT","0.04500","","0.00000","","0.00000"
"44","99R","80","K","5","V","BCO80","0.80430","B64N","0.13580","OH","0.00065","HAR","0.01550","AGUA","0.04380","","0.00000","","0.00000","","0.00000","","0.00000","","0.00000","","0.00000","","0.00000"
"45","99R","120","LM","5","V","BCO120","0.51200","RUB 80","0.25600","B64N","0.15200","AGUA","0.06000","HAR","0.02000","","0.00000","","0.00000","","0.00000","","0.00000","","0.00000","","0.00000","","0.00000"
"46","CN","220","N","5","V","CN3F","0.62500","CVA100","0.06250","CC46","0.18750","AGUA (lts)","0.12500","","0.00000","","0.00000","","0.00000","","0.00000","","0.00000","","0.00000","","0.00000","","0.00000"
"47","C N","36","J","6","BAK","CN36","0.55900","CN46","0.31900","RR100F","0.00800","OH","0.00400","RESLIQ","0.02525","RESPOL","0.08380","SIL","0.00086","","0.00000","","0.00000","","0.00000","","0.00000","","0.00000"
"49","99B","60","J K","5","V","BCO60","0.80880","AE67","0.08273","CA55","0.04850","HAR","0.01283","AGUA","0.04707","","0.00000","","0.00000","","0.00000","","0.00000","","0.00000","","0.00000","","0.00000"
"50","A","36","R","4","BAK","MAR24","0.15000","MAR36","0.46500","MAR46","0.05460","CZ36/46","0.04000","FLUO","0.01170","PIRIT","0.00800","MAG","0.00400","CAL","0.00650","RESPOL","0.16000","RESLIQ","0.06000","SIL","0.00010","OH","0.04000"
"51","A","36","R","6","BAK","MAR24","0.18500","MAR36","0.33500","MAR46","0.15100","CZ 30/46","0.04400","FLUO","0.01500","PYRIT","0.00800","MAG","0.00414","RESPOL","0.15680","RESLIQ","0.05600","cal","0.00500","OH","0.04000","","0.00000"
"52","49A","60","L M","5","V","MAR60","0.38000","BCO46","0.33780","BCO120","0.08461","B55N","0.15240","OH","0.00084","HAR","0.01055","AGUA","0.03380","","0.00000","","0.00000","","0.00000","","0.00000","","0.00000"
"53","A","46","R","5","BAK","MAR36","0.35000","MAR46","0.20000","BCO 36","0.10000","BCO 46","0.05750","OH","0.03750","RC25POL","0.17710","RESLIQ","0.05600","cal","0.00100","FLUO","0.01670","MAG","0.00420","","0.00000","","0.00000"
"54","AC","54","K","4","BAK","MAR60","0.25000","CN60","0.15000","MAR46","0.35000","GRAF","0.10000","RESPOL","0.10000","RESLIQ","0.04500","SIL","0.00500","","0.00000","","0.00000","","0.00000","","0.00000","","0.00000"
"55","AC","80","J","04","BAK","MAR80","0.45870","CN100","0.22940","GRAF","0.13760","RESPOL","0.11470","RESLIQ","0.05500","SIL","0.00460","","0.00000","","0.00000","","0.00000","","0.00000","","0.00000","","0.00000"
"56","UNID","UR","PAR","TE","GRUE","MAR20","0.27700","MAR24","0.45300","","0.00000","FLUO","0.01000","PIRIT","0.02000","CAL","0.00800","MAG","0.00500","OH","0.03100","SIL","0.00010","RESPOL","0.14000","RESLIQ","0.05600","","0.00000"
"59","49A","36","K","5","V","BCO36","0.40880","MAR36","0.40880","B64N","0.04542","B55N","0.07722","OH","0.00059","HAR","0.01362","AGUA","0.04555","","0.00000","","0.00000","","0.00000","","0.00000","","0.00000"
"58","OXAL","36","R","5","BAK","MAR36","0.52110","CZ46/60","0.12240","CZ36/24","0.12050","FLUO","0.00612","MAG","0.00428","OH","0.03500","SIL","0.00061","RESPOL","0.13480","RESLIQ","0.05520","","0.00000","","0.00000","","0.00000"
"60","49A","36","KL","6","BAK","BCO36","0.36540","MAR46","0.39290","BCO60","0.10630","RR100F","0.00673","OH","0.02018","RESPOL","0.07805","RESLIQ","0.03028","SIL","0.00006","","0.00000","","0.00000","","0.00000","","0.00000"
"61","99R","36","J","6","BAK","BCO36","0.43600","MAR46","0.43140","OH","0.02000","RR100F","0.00638","RESPOL","0.07945","RESLIQ","0.02609","SIL","0.00069","","0.00000","","0.00000","","0.00000","","0.00000","","0.00000"
"62","OA","36","J","6","BAK","MAR36","0.43630","MAR46","0.43110","RR100F","0.00670","OH","0.02233","RESPOL","0.07743","RESLIQ","0.02605","SIL","0.00007","","0.00000","","0.00000","","0.00000","","0.00000","","0.00000"
"63","C N","24","R","6","BAK","CN 20","0.15170","CN 24","0.29500","CN 36","0.28000","AR MED","0.06500","MAG","0.00580","FLUOR","0.02360","RESPO","0.13300","RESLIQ","0.04500","SIL","0.00086","","0.00000","","0.00000","","0.00000"
"64","C N","36","K","4","BAK","CN 36","0.31970","MARR 36","0.15990","AR 36/46","0.15990","100 F","0.15990","FLUOR","0.07990","MAG","0.00800","SIL","0.00080","RESPO","0.07990","RESLIQ","0.03200","","0.00000","","0.00000","","0.00000"
"65","C N","36","K","8","V","CN 36","0.38600","CN 24","0.07018","CN 60","0.07018","ARM","0.14030","CZ120","0.07018","AS30","0.03680","CC46","0.11230","B64N","0.02030","HAR","0.01180","AGUA","0.08188","","0.00000","","0.00000"
"66","49A","36","k","8","V R","BCO36","0.38170","MAR24","0.38170","AE67","0.10180","B64N","0.05090","AS30","0.04580","HAR","0.01696","AGUA","0.02120","","0.00000","","0.00000","","0.00000","","0.00000","","0.00000"
"67","C N","60","S","5","V","CN 60","0.35740","MAR60","0.23930","AR80F","0.11910","CZ120","0.03620","CC46","0.06590","CC64","0.10800","AGUA","0.07410","","0.00000","","0.00000","","0.00000","","0.00000","","0.00000"
"68","C N","60","JK","5","V","CN 36","0.18270","CN 60","0.24340","CN 80","0.18270","AR60/80","0.15220","CC64","0.04853","CC46","0.06700","B64N","0.03639","HAR","0.01507","AGUA","0.07200","","0.00000","","0.00000","","0.00000"
"69","C N","36","R","5","V","CN 24","0.07460","CN 36","0.36740","CN 60","0.11770","ARM","0.10330","CZ120","0.06630","A73N","0.11600","B55N","0.05800","AGUA","0.09668","","0.00000","","0.00000","","0.00000","","0.00000"
"70","99R","80","J K","12","V","BCO80","0.41890","BCO60","0.27920","BCO120","0.06981","NU12","0.03071","AC64","0.09076","B55N","0.04747","OH","0.00030","HAR","0.01396","AGUA","0.04886","","0.00000","","0.00000","","0.00000"
"71","99R","80","J","5","V","BCO80","0.48960","BCO60","0.24390","BCO120","0.08190","B64N","0.13100","OH","0.00072","HAR","0.01640","AGUA","0.03640","","0.00000","","0.00000","","0.00000","","0.00000","","0.00000"
"72","99R","46","MN","5","V","BCO46","0.55010","BCO36","0.23530","B55N","0.15720","OH","0.00095","HAR","0.01192","AGUA","0.04452","","0.00000","","0.00000","","0.00000","","0.00000","","0.00000","","0.00000"
"73","C N","16","R","5","V","CN 14","0.13470","CN 20","0.13470","CN 24","0.13470","CN 36","0.13470","ARM","0.13620","CZ120","0.06811","A73N","0.11870","B55N","0.05928","AGUA","0.07895","","0.00000","","0.00000","","0.00000"
"74","A","46","P","4","BAK","MAR36","0.31430","MAR46","0.39700","CZ 46/60","0.05900","PYRIT","0.01000","OH","0.03800","CAL","0.00350","SIL","0.00100","MAG","0.00420","RESPOL","0.13000","RESLIQ","0.04300","","0.00000","","0.00000"
"75","A","24","R","5","BAK","MARR20","0.32000","MARR24","0.38000","CZ20/24","0.06520","PYRIT","0.00010","OH","0.03900","CAL","0.00350","FLUO","0.01300","MAG","0.00420","RC18 PO","0.13000","RESLIQ","0.04500","","0.00000","","0.00000"
"76","0.AL","36","R","6","BAK","MAR36","0.51000","CZ36/24","0.24530","FLUO","0.00609","OH","0.04300","MAG","0.00426","SIL","0.00010","CAL","0.00426","RESPOL","0.14000","RESLIQ","0.04700","","0.00000","","0.00000","","0.00000"
"77","OXIA","46","R","6","BAK","MAR46","0.41890","MAR60","0.11970","CZ60/80","0.23940","FLUO","0.00600","OH","0.00480","MAG","0.00420","SIL","0.00060","RESPOL","0.15560","RESLIQ","0.05090","","0.00000","","0.00000","","0.00000"
"78","UNID","UR","PAR","TE","FINA","MARR 36","0.35250","MARR 46","0.35000","CZ.","0.04500","FLUO","0.01200","PIRYT","0.01660","MAG","0.00300","RESPO","0.14000","RESLIQ","0.04800","SIL","0.00089","OH","0.03200","","0.00000","","0.00000"
"79","OA","80","N","5","V","MAR 80","0.62300","MAR120","0.15520","AE67","0.11720","B64N","0.05400","AGUA","0.05057","","0.00000","","0.00000","","0.00000","","0.00000","","0.00000","","0.00000","","0.00000"
"80","OA","100","M","5","V","MAR80","0.30490","MAR120","0.45630","AE67","0.12150","B64N","0.06115","AGUA","0.05610","","0.00000","","0.00000","","0.00000","","0.00000","","0.00000","","0.00000","","0.00000"
"81","99AC","60","K","5","V","BCO60","0.48300","BCO80","0.16100","BCO46","0.16100","AC64","0.09560","B55N","0.03230","HAR","0.01640","OH","0.00060","AGUA","0.05000","","0.00000","","0.00000","","0.00000","","0.00000"
"82","C N","16","P","8","V","CN14/24","0.25960","CN  20","0.07810","CN 24","0.05214","ARG","0.13090","ARM","0.13070","CZ120","0.06501","AS30","0.01952","A73N","0.12170","B55N","0.06018","AGUA","0.08209","","0.00000","","0.00000"
"83","C N","80","N","5","V","MAR 80","0.17620","CN 80","0.11750","CN 60","0.11750","AR 80","0.17620","CN150","0.11750","CZ 120","0.02960","A73N","0.12210","B55N","0.06083","AGUA","0.08250","","0.00000","","0.00000","","0.00000"
"84","99R","54","K","5","V","BCO 46","0.40000","BCO 60","0.40000","AC64","0.08800","B55N","0.04800","HAR","0.01600","AGUA","0.04800","","0.00000","","0.00000","","0.00000","","0.00000","","0.00000","","0.00000"
"85","99R","54","J K","5","V","BCO 46","0.39910","BCO 60","0.39910","AC64","0.09789","B55N","0.03765","HAR","0.01606","AGUA","0.05020","","0.00000","","0.00000","","0.00000","","0.00000","","0.00000","","0.00000"
"86","99R","60","M","5","v","BCO 60","0.46790","BCO 46","0.31100","B64N","0.15580","OH","0.00084","HAR","0.01120","AGUA","0.05320","","0.00000","","0.00000","","0.00000","","0.00000","","0.00000","","0.00000"
"87","C/CV","80","L","5","V","CV 60","0.21290","CN 80","0.17900","CV120","0.19000","AR60/80","0.17630","A73N","0.09050","B55N","0.04530","HAR","0.01770","AGUA","0.08830","","0.00000","","0.00000","","0.00000","","0.00000"
"88","C V","80","K","6","VIT","CV 80","0.62110","AR 60","0.12420","AE67","0.09940","B64N","0.04970","HAR","0.01242","AGUA","0.09310","","0.00000","","0.00000","","0.00000","","0.00000","","0.00000","","0.00000"
"89","C N","24","R","5","BAK","MAR24","0.19690","NEG24","0.39380","ARM s/fino","0.19690","RR100F","0.04922","SIL","0.00069","RESPOL","0.11810","RESLIQ","0.04430","","0.00000","","0.00000","","0.00000","","0.00000","","0.00000"
"90","OA","70","R","5","BAK","MAR80","0.38740","MAR60","0.38000","GRAF","0.03000","RESPOL","0.14550","RESLIQ","0.05500","SIL","0.00212","","0.00000","","0.00000","","0.00000","","0.00000","","0.00000","","0.00000"
"91","99R","80","K L","5","V","BCO80","0.59370","BCO60","0.19880","B64N","0.14370","OH","0.00055","HAR","0.01353","AGUA","0.04971","","0.00000","","0.00000","","0.00000","","0.00000","","0.00000","","0.00000"
"92","99B","80","L/M","5","V","BCO80","0.59090","BCO60","0.19530","AE67","0.10020","CA55","0.06009","HAR","0.01352","AGUA","0.04006","","0.00000","","0.00000","","0.00000","","0.00000","","0.00000","","0.00000"
"93","99B","24","J K","5","V","BCO24","0.48380","BCO36","0.32260","BB46","0.06451","AE67","0.03225","AN75","0.03225","HAR","0.01612","AGUA","0.04838","","0.00000","","0.00000","","0.00000","","0.00000","","0.00000"
"94","OA","100","P","5","V","MAR120","0.45620","MAR80","0.30410","AE67","0.12160","B64N","0.06100","AGUA","0.05700","","0.00000","","0.00000","","0.00000","","0.00000","","0.00000","","0.00000","","0.00000"
"95","C N","120","N","5","V","CN120","0.47410","CN100","0.23700","CZ120","0.03556","A73N","0.11850","B55N","0.05926","AGUA","0.07550","","0.00000","","0.00000","","0.00000","","0.00000","","0.00000","","0.00000"
"96","99R","36","K","5","V","BCO24","0.23880","BCO36","0.55730","B64N","0.12730","OH","0.00079","HAR","0.01600","AGUA","0.05971","","0.00000","","0.00000","","0.00000","","0.00000","","0.00000","","0.00000"
"97","99R","36.","J","6","V","BCO24","0.24000","BCO36","0.56210","B64N","0.11300","OH","0.00080","HAR","0.02407","AGUA","0.06000","","0.00000","","0.00000","","0.00000","","0.00000","","0.00000","","0.00000"
"98","99R","46","J K","8","V","BCO36","0.23030","BCO46","0.53640","B64N","0.13030","AS30","0.03822","OH","0.00055","HAR","0.01927","AGUA","0.04500","","0.00000","","0.00000","","0.00000","","0.00000","","0.00000"
"99","49A","46","J K","5","V","MAR46","0.57500","BCO36","0.22960","AE67","0.08642","B64N","0.04232","HAR","0.01128","AGUA","0.05537","","0.00000","","0.00000","","0.00000","","0.00000","","0.00000","","0.00000"
"100","C N","24","R","5","V","CN 14","0.17690","CN 24","0.17690","CN 36","0.13500","CN 80","0.04185","ARM","0.14170","CZ120","0.06754","A73N","0.11770","B55N","0.05887","AGUA","0.08350","","0.00000","","0.00000","","0.00000"
"101","99R","36","Q","5","V","BCO36","0.44820","BCO46","0.22410","BCO60","0.11210","B64N","0.17930","OH","0.00044","AGUA","0.03580","","0.00000","","0.00000","","0.00000","","0.00000","","0.00000","","0.00000"
"102","49A","36","Q","5","V","MAR36","0.25860","BCO46","0.25860","MAR60","0.25860","AE67","0.11930","B64N","0.05926","AGUA","0.04560","","0.00000","","0.00000","","0.00000","","0.00000","","0.00000","","0.00000"
"103","OA","120","P","5","V","MAR120","0.40800","RR80F S/H","0.40800","AE67","0.07358","B64N","0.03671","HAR","0.02020","AGUA","0.05348","","0.00000","","0.00000","","0.00000","","0.00000","","0.00000","","0.00000"
"104","C N","36","J K","8","V","CN 24","0.11190","CN 36","0.33660","CN 80","0.13960","ARM","0.11200","AS30","0.03396","A73N","0.10300","B55N","0.05196","HAR","0.01498","AGUA","0.09590","","0.00000","","0.00000","","0.00000"
"105","49A","54","K","5","V","BCO46","0.39370","MAR60","0.39370","AE67","0.08660","B64N","0.04724","HAR","0.01574","AGUA","0.06300","","0.00000","","0.00000","","0.00000","","0.00000","","0.00000","","0.00000"
"106","99R","36","JK","6","BAK","BCO36","0.33640","MAR46","0.43740","BCO60","0.10100","RR100F","0.00713","OH","0.00387","RESPOL","0.07646","RESLIQ","0.03772","","0.00000","","0.00000","","0.00000","","0.00000","","0.00000"
"107","C N","30","R","6","BAK","CN36","0.39490","CN24","0.24000","ARG30/46","0.10000","100F","0.01000","GRAF","0.00905","RESPOL","0.15000","RESLIQ","0.06800","SIL","0.00010","OH","0.02500","CAL","0.00300","","0.00000","","0.00000"
"108","RUBI","60","N","5","V","RU46","0.20000","RU60","0.46000","RU80","0.12100","BB46","0.08500","AE67","0.04400","AN75","0.04300","AGUA","0.04700","","0.00000","","0.00000","","0.00000","","0.00000","","0.00000"
"109","49A","70","N","5","V","MAR80","0.41230","MAR60","0.27490","BCO120","0.04205","RR80Fs/h","0.04000","B55N","0.12000","AE67","0.06154","AGUA","0.04923","","0.00000","","0.00000","","0.00000","","0.00000","","0.00000"
"110","99R","46","I","7","V","BCO46","0.56000","BCO36","0.24000","AC64","0.08000","B64N","0.04000","AS30","0.02400","HAR","0.01600","AGUA","0.04000","","0.00000","","0.00000","","0.00000","","0.00000","","0.00000"
"111","C V","70","L","5","V","CV 70","0.71300","CVA100F","0.04244","CC64","0.04584","CC46","0.07640","B55N","0.02886","HAR","0.01697","AGUA","0.07640","","0.00000","","0.00000","","0.00000","","0.00000","","0.00000"
"112","C N","24","Q/R","6","BAK","CS  24","0.45700","OA  20","0.20270","AR 30/46","0.10000","FLUOR","0.01520","GRAF","0.00500","MAG","0.00330","RESPO","0.14800","RELIQ","0.06800","SIL","0.00080","","0.00000","","0.00000","","0.00000"
"113","OA","24","J K","5","V","MAR20","0.32080","MAR24","0.40170","MAR36","0.08096","AE67","0.09103","B64N","0.04555","HAR","0.01669","AGUA","0.04326","","0.00000","","0.00000","","0.00000","","0.00000","","0.00000"
"114","A","120","/","/","PARA","MAR120","0.71840","CVA100F","0.11650","PARAF","0.16500","","0.00000","","0.00000","","0.00000","","0.00000","","0.00000","","0.00000","","0.00000","","0.00000","","0.00000"
"115","A","60","/","/","PARA","MAR60","0.65420","RR100F","0.18700","PARAF","0.15880","","0.00000","","0.00000","","0.00000","","0.00000","","0.00000","","0.00000","","0.00000","","0.00000","","0.00000"
"116","OA","60","L","5","V","MAR60","0.47400","MAR46","0.18880","MAR80","0.12670","AE67","0.08492","B64N","0.05704","HAR","0.02028","AGUA","0.04816","","0.00000","","0.00000","","0.00000","","0.00000","","0.00000"
"117","C N","24","KL","5","V","CN 14/24","0.37540","CN 36","0.18770","CN 80","0.03962","ARM","0.11470","CZ120","0.06360","A73N","0.10360","B55N","0.05172","AGUA","0.06360","","0.00000","","0.00000","","0.00000","","0.00000"
"118","49A","60","0","5","V","MAR60","0.38240","BCO46","0.28680","BCO120","0.09560","AE67","0.11090","B64N","0.05736","HAR","0.00960","AGUA","0.05736","","0.00000","","0.00000","","0.00000","","0.00000","","0.00000"
"119","99B","60","H","5","V","BCO60","0.68910","BCO46","0.13780","AE67","0.06944","CA55","0.04166","HAR","0.01380","AGUA","0.04814","","0.00000","","0.00000","","0.00000","","0.00000","","0.00000","","0.00000"
"120","C V","36","J","5","V","CV 36","0.38620","CV 70","0.23830","AR36/46","0.07697","AR60","0.07697","A73N","0.08500","B55N","0.03950","HAR","0.01539","AGUA","0.08166","","0.00000","","0.00000","","0.00000","","0.00000"
"121","99B","36","J","5","V","BCO36","0.65930","BCO24","0.16500","AE67","0.07255","CA55","0.04265","HAR","0.02450","AGUA","0.03595","","0.00000","","0.00000","","0.00000","","0.00000","","0.00000","","0.00000"
"122","99R","46","H","5","V","BCO46","0.64740","BCO36","0.16180","B55N","0.10530","OH","0.00049","HAR","0.02430","AGUA","0.06070","","0.00000","","0.00000","","0.00000","","0.00000","","0.00000","","0.00000"
"123","C N","46","L","5","V","CN 46","0.43480","CN 36","0.19320","AR46","0.14490","CC64","0.09660","CC46","0.05800","AGUA","0.07250","","0.00000","","0.00000","","0.00000","","0.00000","","0.00000","","0.00000"
"124","99B","70","L","5","V","BCO60","0.49050","BCO80","0.24530","BCO120","0.05574","AE67","0.09365","CA55","0.05499","HAR","0.01523","AGUA","0.04459","","0.00000","","0.00000","","0.00000","","0.00000","","0.00000"
"125","C N","24","J","8","V","CN 24","0.42180","CN 36","0.04552","CN 80","0.14570","ARM","0.11680","AS30","0.03642","A73N","0.08800","B55N","0.04400","HAR","0.01366","AGUA","0.08800","","0.00000","","0.00000","","0.00000"
"126","99 B","80","J","5","BAK","BCO 60","0.44240","BCO 80","0.44240","RR 100F S/","0.00667","PIRYT","0.00417","RES.POL","0.08180","RES.LIQ","0.02253","","0.00000","","0.00000","","0.00000","","0.00000","","0.00000","","0.00000"
"127","C N","24","Q","5","BAK","NEG  24","0.58110","AR 30/46","0.18410","FLUO","0.01520","GRAF","0.00800","MAG","0.00322","RESPOL","0.13950","RESLIQ","0.06800","SIL","0.00092","","0.00000","","0.00000","","0.00000","","0.00000"
"128","OA","20","Q","5","V","MAR 14","0.16000","MAR 20","0.48000","MAR 24","0.16000","AE67","0.11200","B64N","0.04800","AGUA","0.04000","","0.00000","","0.00000","","0.00000","","0.00000","","0.00000","","0.00000"
"129","OA","16","R","5","V","MAR 14","0.31450","MAR 20","0.31450","MAR 24","0.15720","AE67","0.11800","B64N","0.05500","AGUA","0.04080","","0.00000","","0.00000","","0.00000","","0.00000","","0.00000","","0.00000"
"130","99B","60","J","12","V","BCO 46","0.29180","BCO 60","0.48690","BB46","0.06307","AE67","0.03448","AN75","0.03448","NU12","0.02372","HAR","0.01597","AGUA","0.04962","","0.00000","","0.00000","","0.00000","","0.00000"
"131","99R","60","J","5","V","BCO 46","0.24450","BCO 60","0.57270","B64N","0.12200","OH","0.00056","HAR","0.01700","AGUA","0.04330","","0.00000","","0.00000","","0.00000","","0.00000","","0.00000","","0.00000"
"132","99RU","100","J K","5","V","BCO100","0.56450","RU 80","0.24190","BB46","0.06450","AE67","0.03630","AN75","0.03630","HAR","0.01613","AGUA","0.04032","","0.00000","","0.00000","","0.00000","","0.00000","","0.00000"
"133","99R","24","Q","5","V","BCO 24","0.71120","MAR 2O","0.07900","B55N","0.09900","A73N","0.06730","OH","0.00194","AGUA","0.04150","","0.00000","","0.00000","","0.00000","","0.00000","","0.00000","","0.00000"
"134","99B","36","J K","8","V","BCO 24","0.23400","BCO 36","0.54670","BB46","0.06500","AE67","0.03000","AN75","0.03000","AS30","0.03880","HAR","0.01850","AGUA","0.03700","","0.00000","","0.00000","","0.00000","","0.00000"
"135","99RU","46","Q","5","V","RU 60","0.38180","BCO 36","0.38180","BB46","0.08372","AE67","0.04186","AN75","0.04186","HAR","0.01540","AGUA","0.05358","","0.00000","","0.00000","","0.00000","","0.00000","","0.00000"
"136","49A","36","P/Q","5","V","MAR 36","0.30860","BCO 46","0.15430","MAR 60","0.30860","B55N","0.12350","CC64","0.05560","HAR","0.01234","AGUA","0.03700","","0.00000","","0.00000","","0.00000","","0.00000","","0.00000"
"137","C-CV","36","J K","5","V","CV 36","0.23430","CN 46","0.23430","CN120","0.15640","AR36/46","0.15640","A73N","0.08331","B64N","0.04166","HAR","0.01560","AGUA","0.07800","","0.00000","","0.00000","","0.00000","","0.00000"
"138","99R","60","J K","8","V","BCO 60","0.46380","BCO 46","0.30900","B64N","0.13110","OH","0.00127","AS30","0.03928","HAR","0.01502","AGUA","0.04043","","0.00000","","0.00000","","0.00000","","0.00000","","0.00000"
"139","C V","80","J","5","V","CV 80","0.26010","CV 70","0.26010","CV120","0.13000","AR60/80","0.13000","AE67","0.08842","B55N","0.04421","HAR","0.01560","AGUA","0.07150","","0.00000","","0.00000","","0.00000","","0.00000"
"140","99R","36","K L","5","V","BCO 36","0.52700","BCO 24","0.26350","B64N","0.14220","OH","0.00063","HAR","0.01590","AGUA","0.05080","","0.00000","","0.00000","","0.00000","","0.00000","","0.00000","","0.00000"
"141","OA","54","N","5","V","MAR 60","0.33150","MAR 46","0.33150","MAR 80","0.11640","AE67","0.10300","B64N","0.06885","AGUA","0.04876","","0.00000","","0.00000","","0.00000","","0.00000","","0.00000","","0.00000"
"142","INOX","36","R","04","BAK","MAR24","0.29170","MAR36","0.34000","BCO 36","0.07000","CAL","0.00500","GRAF","0.05000","MAG","0.00400","SIL","0.00010","FLUO","0.00920","","0.00000","RESPOL","0.16800"," RESLIQ","0.06200","","0.00000"
"143","49A","36","J","5","V","MAR 36","0.49590","BCO 24","0.33050","AE67","0.08240","B64N","0.04150","HAR","0.00829","AGUA","0.04140","","0.00000","","0.00000","","0.00000","","0.00000","","0.00000","","0.00000"
"144","C N","60","L","5","V","CN 60","0.36900","CN 46","0.22340","AR60/80","0.14760","A73N","0.11030","B55N","0.05520","HAR","0.00689","AGUA","0.08758","","0.00000","","0.00000","","0.00000","","0.00000","","0.00000"
"145","INOX","46","R","4","BAK","MARR46","0.48000","MARR 36","0.21000","GRAF","0.05000","MAG","0.00300","FLUOR","0.00500","SIL","0.00010","RESPO","0.18500","RESLIQ","0.06500","CAL","0.00200","","0.00000","","0.00000","","0.00000"
"146","C-FD","14","R","5","V","REF14FD","0.58280","ARM","0.11660","CZ120","0.02680","A.ELC.","0.11850","BENT.","0.04760","HAR","0.01970","AGUA","0.08800","","0.00000","","0.00000","","0.00000","","0.00000","","0.00000"
"147","C N","30","I","5","V","CN 24","0.18750","CN  36","0.31250","ARM","0.25000","CC46","0.09375","B55N","0.02625","HAR","0.02250","AGUA","0.10750","","0.00000","","0.00000","","0.00000","","0.00000","","0.00000"
"148","99R","46","J","10","V","BCO 46","0.59290","BCO 36","0.19760","AC64","0.07900","B64N","0.04740","NU20","0.02370","HAR","0.00990","AGUA","0.04940","","0.00000","","0.00000","","0.00000","","0.00000","","0.00000"
"149","A","16","R","06","BAK","MAR14","0.20800","MAR16","0.25000","MAR 20","0.26000","FLUO","0.01100","OH","0.01200","CAL","0.00800","RESPOL","0.13800","RESLIQ","0.05900","MAG","0.00500","SIL","0.00100","PIRIT","0.04800","","0.00000"
"158","AC","24","R","04","BAK","CS 14/24","0.25000","MARR 20","0.31250","MARR 24","0.12660","CS 24","0.07500","ARG 20/24","0.05000","FLUOR","0.01440","OH","0.00190","CAL","0.00970","MAG","0.00470","SIL","0.00090","RESPO","0.10630","RESLIQ","0.04800"
"150","C N","36","R","04","BAK","MAR 36","0.15400","CZ 36/46","0.06000","CS 36","0.42320","ARG 30/46","0.12000","100 F","0.02000","RES `PO","0.15500","RES LIQ","0.06000","OH","0.00420","MG","0.00360","","0.00000","","0.00000","","0.00000"
"151","C N","46","Q","4","BAK","MAR 46","0.17820","CZ 80","0.05940","C 46/60","0.29700","ARG 46/60","0.23750","100F","0.02970","OH","0.00360","GRAF","0.00480","RESPO","0.12470","RESLIQ","0.06510","","0.00000","","0.00000","","0.00000"
"152","99R","46","K","5","V","BCO 36","0.24300","BCO 46","0.56780","B64N","0.13050","OH","0.00059","HAR","0.01659","AGUA","0.04150","","0.00000","","0.00000","","0.00000","","0.00000","","0.00000","","0.00000"
"153","99R","60","JK","6","V","BCO 46","0.24120","BCO 60","0.56630","B64N","0.12930","OH","0.00053","HAR","0.01732","AGUA","0.04530","","0.00000","","0.00000","","0.00000","","0.00000","","0.00000","","0.00000"
"154","C N","60","M","5","V","CN 60","0.33460","CN 46","0.19550","CN120","0.03622","AR60/80","0.14120","A73N","0.11810","B55N","0.05900","HAR","0.01049","AGUA","0.10490","","0.00000","","0.00000","","0.00000","","0.00000"
"155","A","24","R Z","4","BAK","MARR  24","0.20660","MARR 36","0.38120","ZIR 24","0.19000","FLUOR","0.01200","PIR","0.01000","MAG","0.00420","CAL","0.00400","OH","0.00230","RESPO","0.14000","RESLIQ","0.04900","SIL","0.00070","","0.00000"
"156","C V","46","KVR","6","V","CV 36","0.31640","CV 54","0.31640","AR36/46","0.12730","AE67","0.10140","B55N","0.05062","AS30","0.02275","HAR","0.01295","AGUA","0.05213","","0.00000","","0.00000","","0.00000","","0.00000"
"157","99B","24","J K","8","V","BCO 24","0.44540","BCO 36","0.33460","AE67","0.08133","CA55","0.04805","AS30","0.02403","HAR","0.01663","AGUA","0.04990","","0.00000","","0.00000","","0.00000","","0.00000","","0.00000"
"159","RUBI","46","J K","5","V","RU 60","0.40980","BCO36","0.40980","BB46","0.06560","AE67","0.03280","AN75","0.03280","HAR","0.00820","AGUA","0.04100","","0.00000","","0.00000","","0.00000","","0.00000","","0.00000"
"160","RUBI","60","L M","5","V","RU 60","0.48570","BCO60","0.24850","BCO100","0.06000","AE67","0.10080","CA55","0.05914","HAR","0.01158","AGUA","0.03428","","0.00000","","0.00000","","0.00000","","0.00000","","0.00000"
"161","C V","46","J K","5","V","CV 46","0.38080","CV 36","0.14250","CV80","0.10400","AR36/46","0.14250","A73N","0.09670","B55N","0.04890","HAR","0.02000","AGUA","0.06460","","0.00000","","0.00000","","0.00000","","0.00000"
"162","A","60","P","4","BAK","MARR 46","0.48900","MARR 60","0.34780","MAG","0.00270","CAL","0.00270","OH","0.00220","RESLIQ","0.04070","RESPO","0.11410","SIL","0.00080","","0.00000","","0.00000","","0.00000","","0.00000"
"163","A","120","P","4","BAK","MARR 120","0.48900","MARR 100","0.34780","MAG","0.00270","OH","0.00220","CAL","0.00270","RESLIQ","0.04070","RESPOL","0.11410","SIL","0.00080","","0.00000","","0.00000","","0.00000","","0.00000"
"164","C V","80","K","6","V","CV70","0.25410","CV80","0.25410","CV120","0.12700","AR60/80","0.12700","AE67","0.09150","B64N","0.04570","HAR","0.01590","AGUA","0.08460","","0.00000","","0.00000","","0.00000","","0.00000"
"165","ARCI","120","0","0","V","A / ELCHA","0.40000","CZ 120","0.40000","BENT.","0.10000","AGUA","0.10000","","0.00000","","0.00000","","0.00000","","0.00000","","0.00000","","0.00000","","0.00000","","0.00000"
"166","OA","46","J","5","V","MAR46","0.61220","MAR36","0.20410","AE67","0.07142","B64N","0.05102","HAR","0.01020","AGUA","0.05102","","0.00000","","0.00000","","0.00000","","0.00000","","0.00000","","0.00000"
"167","RESI","LIQ","0","O","BAK","R/FENOLICA","0.37830","ALCOHOL","0.60060","HEXAMINA","0.02102","","0.00000","","0.00000","","0.00000","","0.00000","","0.00000","","0.00000","","0.00000","","0.00000","","0.00000"
"168","C V","80","K","5","V","CV80","0.31700","CV60","0.20430","CV120","0.13030","AR60/80","0.13030","A73N","0.09380","B64N","0.04691","HAR","0.01628","AGUA","0.06108","","0.00000","","0.00000","","0.00000","","0.00000"
"169","99 A","36","J","8","V","BCO 36","0.62620","BCO 46","0.15660","B64N","0.12520","OH","0.00062","AS30","0.03914","HAR","0.01304","AGUA","0.03914","","0.00000","","0.00000","","0.00000","","0.00000","","0.00000"
"170","99R","36","H","5","V","BCO 24","0.24380","BCO 36","0.57120","B64N","0.10570","OH","0.00086","HAR","0.02460","AGUA","0.05380","","0.00000","","0.00000","","0.00000","","0.00000","","0.00000","","0.00000"
"171","99B","60","H","8","V","BCO 60","0.66150","BCO 46","0.13230","BB46","0.05600","AE67","0.02760","AN75","0.02760","AS30","0.03550","HAR","0.01330","AGUA","0.04617","","0.00000","","0.00000","","0.00000","","0.00000"
"172","99R","30","Q","5","V","BCO 36","0.52220","BCO 46","0.26110","B64N","0.18000","OH","0.00090","AGUA","0.03570","","0.00000","","0.00000","","0.00000","","0.00000","","0.00000","","0.00000","","0.00000"
"173","99B","100","J K","5","V","BCO 100","0.56000","BCO 80","0.24000","AE67","0.08555","CA55","0.05000","HAR","0.01777","AGUA","0.04666","","0.00000","","0.00000","","0.00000","","0.00000","","0.00000","","0.00000"
"174","C V","60","L","5","V","CV 60","0.31780","CV 46","0.19060","CV120","0.12710","AR60/80","0.12710","A73N","0.10160","B64N","0.05083","HAR","0.01270","AGUA","0.07221","","0.00000","","0.00000","","0.00000","","0.00000"
"175","C V","60","J K","5","V","CV 60","0.32240","CV 46","0.19280","CN120","0.12860","AR60/80","0.12860","A73N","0.09780","B64N","0.04090","HAR","0.01289","AGUA","0.07600","","0.00000","","0.00000","","0.00000","","0.00000"
"176","C N","46","K L","5","V","CN 46","0.40080","CN 36","0.16600","CN120","0.04110","AR36/46","0.14010","A73N","0.10020","B55N","0.05714","HAR","0.02054","AGUA","0.07420","","0.00000","","0.00000","","0.00000","","0.00000"
"177","OA","36","M","5","V","MAR 36","0.47360","MAR 24","0.31390","AE67","0.10510","B64N","0.05230","AGUA","0.05500","","0.00000","","0.00000","","0.00000","","0.00000","","0.00000","","0.00000","","0.00000"
"178","99R","30","H","12","V","BCO 36","0.39520","BCO 24","0.39520","B64N","0.11130","OH","0.00074","NU 12","0.02331","HAR","0.02543","AGUA","0.04875","","0.00000","","0.00000","","0.00000","","0.00000","","0.00000"
"179","C N","46","J","5","V","CN 46","0.52900","CN 100","0.13230","AR36/46","0.13230","A73N","0.08460","B55N","0.04250","HAR","0.01322","AGUA","0.06600","","0.00000","","0.00000","","0.00000","","0.00000","","0.00000"
"374","99R","54","I","6","BAK","BCO60","0.43880","MAR46","0.43000","OH","0.02000","RR100F","0.00617","RESPOLVO","0.07900","RESLIQ","0.02591","SIL","0.00010","","0.00000","","0.00000","","0.00000","","0.00000","","0.00000"
"181","C V","100","L","5","V","CV 90","0.21320","CV100","0.21320","CV120","0.21320","AR80","0.11410","A73N","0.11060","B55N","0.05526","HAR","0.01138","AGUA","0.06900","","0.00000","","0.00000","","0.00000","","0.00000"
"182","RUBI","60","0","5","V","RUBI 60","0.37620","BCO 60","0.29800","BCO 120","0.07810","BB46","0.10120","AN75","0.05053","AE67","0.05053","AGUA","0.04539","","0.00000","","0.00000","","0.00000","","0.00000","","0.00000"
"183","OA","70","0","5","V","MAR 60","0.45140","MAR 46","0.15010","MAR 120","0.10010","RR100F","0.05000","B55N","0.12580","A73N","0.06291","AGUA","0.05960","","0.00000","","0.00000","","0.00000","","0.00000","","0.00000"
"184","99R","100","L M","5","V","BCO 100","0.77120","B64N","0.16210","HAR","0.01564","AGUA","0.05100","","0.00000","","0.00000","","0.00000","","0.00000","","0.00000","","0.00000","","0.00000","","0.00000"
"185","99R","36","L M","5","V","BCO 36","0.39000","BCO 46","0.39000","B64N","0.16500","HAR","0.01565","AGUA","0.03930","","0.00000","","0.00000","","0.00000","","0.00000","","0.00000","","0.00000","","0.00000"
"186","C N","60","R S","5","V","CN 60","0.29720","MAR 60","0.17950","CN120","0.12000","AR60/80","0.12000","CZ120","0.03340","A73N","0.11700","B55N","0.05890","AGUA","0.07400","","0.00000","","0.00000","","0.00000","","0.00000"
"187","C V","120","L M","5","V","CV 120","0.63370","AR 220","0.12670","A73N","0.10650","B55N","0.05323","HAR","0.01267","AGUA","0.06717","","0.00000","","0.00000","","0.00000","","0.00000","","0.00000","","0.00000"
"188","C V","36","L M","5","V","CV 36","0.38030","CV46","0.26250","AR36/46","0.12850","A73N","0.09300","B55N","0.04590","HAR","0.01443","AGUA","0.07546","","0.00000","","0.00000","","0.00000","","0.00000","","0.00000"
"189","C V","120","K","5","V","CV 120","0.60600","ARF","0.12120","CVA100","0.03030","AE67","0.09545","B55N","0.04848","HAR","0.01515","AGUA","0.08333","","0.00000","","0.00000","","0.00000","","0.00000","","0.00000"
"190","99B","46","I","5","V","BCO 36","0.57470","BCO 46","0.24590","BB46","0.05806","AE67","0.02866","AN75","0.02866","HAR","0.01885","AGUA","0.04525","","0.00000","","0.00000","","0.00000","","0.00000","","0.00000"
"191","C N","120","P","5","V","AR80F","0.48800","RR80F S/H","0.16230","CZ 120","0.04910","A73N","0.11330","B55N","0.05711","HAR","0.01002","AGUA","0.12020","","0.00000","","0.00000","","0.00000","","0.00000","","0.00000"
"192","C N","120","P","4","V","AR80F","0.45210","CN100","0.22600","CZ 120","0.03360","A73N","0.11300","B55N","0.05651","HAR","0.00819","AGUA","0.11060","","0.00000","","0.00000","","0.00000","","0.00000","","0.00000"
"193","OA","54","M","10","V","MAR 60","0.32430","MAR 46","0.32430","MAR 80","0.11290","AE67","0.10000","B64N","0.06740","NU2O","0.02276","AGUA","0.04830","","0.00000","","0.00000","","0.00000","","0.00000","","0.00000"
"194","   A","30","R","4","BAK","MAR24","0.36000","MAR36","0.34000","CZ36/46","0.03400","FLUO","0.01200","PIRIT","0.01300","MAG","0.00700","CAL","0.00900","RESPOL","0.14000","RESLIQ","0.05500","SIL","0.00010","OH","0.03000","","0.00000"
"195","INOX","30","R","4","BAK","MAR 24","0.36000","BCO 36","0.05450","MAR 36","0.32000","CZ36/46","0.02140","GRAF","0.04000","MAG","0.00500","CAL","0.00400","RESPOL","0.14500","RESLIQ","0.05000","SIL","0.00010","","0.00000","","0.00000"
"196","C N","36","J","10","V","CN 36","0.37040","CN 100","0.15920","AR36/46","0.21200","A73N","0.09390","B55N","0.04700","NU 20","0.02250","HAR","0.01338","AGUA","0.08169","","0.00000","","0.00000","","0.00000","","0.00000"
"197","99R","54","J K","5","Vit","BCO 46","0.40200","BCO 60","0.40200","B64N","0.12910","OH","0.00060","HAR","0.01730","AGUA","0.04900","","0.00000","","0.00000","","0.00000","","0.00000","","0.00000","","0.00000"
"198","C V","80","J K","5","VIT","CV 80","0.31220","CV 60","0.20040","CV120","0.12800","AR60/80","0.12800","A73N","0.10250","B64N","0.05130","HAR","0.01597","AGUA","0.06169","","0.00000","","0.00000","","0.00000","","0.00000"
"199","C N","16","K L","5","V","CN 14","0.18930","CN  20","0.18930","CN  24","0.18930","ARG","0.07089","ARM","0.07089","CZ120","0.07089","A73N","0.10430","B64N","0.05212","AGUA","0.06292","","0.00000","","0.00000","","0.00000"
"200","C N","36","J K","12","V","CN 36","0.37470","CN100","0.16110","AR 36/46","0.21480","A73N","0.09520","B55N","0.04770","NU 12","0.01013","HAR","0.01320","AGUA","0.08310","","0.00000","","0.00000","","0.00000","","0.00000"
"201","C N","120","N/O","5","V","C N 100","0.61270","AR 100F","0.12250","A73N","0.12750","B55N","0.06370","HAR","0.01226","AGUA","0.06127","","0.00000","","0.00000","","0.00000","","0.00000","","0.00000","","0.00000"
"202","C N","80","N/0","5","V","C N 80","0.49380","CN120","0.12350","AR80","0.12350","A73N","0.12350","B55N","0.06172","HAR","0.01235","AGUA","0.06172","","0.00000","","0.00000","","0.00000","","0.00000","","0.00000"
"203","C V","220","N/O","5","V","C V 180","0.59570","A R 220","0.11930","A73N","0.13390","B55N","0.06700","HAR","0.01200","AGUA","0.07210","","0.00000","","0.00000","","0.00000","","0.00000","","0.00000","","0.00000"
"204","C V","180","J K","5","V","C V 180","0.63130","AR 100F","0.12630","A73N","0.11110","B55N","0.05555","HAR","0.01263","AGUA","0.06313","","0.00000","","0.00000","","0.00000","","0.00000","","0.00000","","0.00000"
"205","C/CV","120","L M","5","V","CV 120","0.38170","CN 100","0.25450","AR100F","0.12720","A73N","0.10690","B55N","0.05344","HAR","0.01272","AGUA","0.06360","","0.00000","","0.00000","","0.00000","","0.00000","","0.00000"
"206","C N","60","K","6","V","C N 60","0.38250","C N 46","0.23130","AR 60/80","0.15300","A73N","0.10200","B55N","0.05100","HAR","0.00729","AGUA","0.07286","","0.00000","","0.00000","","0.00000","","0.00000","","0.00000"
"207","C V","100","J K","6","V","C V 100","0.63520","A R 80","0.12700","A73N","0.10160","B55N","0.05081","HAR","0.01590","AGUA","0.06947","","0.00000","","0.00000","","0.00000","","0.00000","","0.00000","","0.00000"
"208","C N","180","K","5","V","CN 150","0.58800","AR 220","0.14730","A73N","0.10800","B55N","0.05370","HAR","0.00735","AGUA","0.09560","","0.00000","","0.00000","","0.00000","","0.00000","","0.00000","","0.00000"
"209","C V","54","M N","5","V","CV 60","0.24470","CV 46","0.24470","CV120","0.12260","AR60/80","0.12260","A73N","0.12250","B55N","0.06123","HAR","0.01020","AGUA","0.07145","","0.00000","","0.00000","","0.00000","","0.00000"
"210","C V","80","N/0","5","V","C V 80","0.30210","CV 60","0.19100","CV120","0.12350","AR60/80","0.12350","A73N","0.12340","B55N","0.06167","HAR","0.01359","AGUA","0.06116","","0.00000","","0.00000","","0.00000","","0.00000"
"211","49A","54","M","5","V","BCO 60","0.33100","MAR46","0.33100","MAR80","0.12660","AE67","0.09940","B64N","0.06620","AGUA","0.04573","","0.00000","","0.00000","","0.00000","","0.00000","","0.00000","","0.00000"
"212","99B","36","H","5","V","BCO24","0.32830","BCO36","0.49550","AE67","0.07164","CA55","0.04179","HAR","0.01640","AGUA","0.04627","","0.00000","","0.00000","","0.00000","","0.00000","","0.00000","","0.00000"
"213","49A","80","P","5","V","BCO 80","0.38500","MAR 60","0.38500","AE67","0.11740","B64N","0.06460","AGUA","0.04800","","0.00000","","0.00000","","0.00000","","0.00000","","0.00000","","0.00000","","0.00000"
"214","A","30","R","6","BAK","MARR 24","0.61630","MARR 36","0.15000","FLUOR","0.01810","CAL","0.00250","MAG","0.00310","OH","0.01000","RES POL","0.14000","RESLIQ","0.05000","PIRIT","0.01000","","0.00000","","0.00000","","0.00000"
"215","99R","54","Q","5","V","BCO 46","0.39200","BCO 60","0.31360","BCO 80","0.07840","B64N","0.18030","OH","0.00040","AGUA","0.03528","","0.00000","","0.00000","","0.00000","","0.00000","","0.00000","","0.00000"
"216","C N","24","H","8","V","CN 24","0.42150","CN 36","0.06554","CN 80","0.13700","ARM","0.11880","A73N","0.07900","B55N","0.04010","AS30","0.03793","HAR","0.01475","AGUA","0.08535","","0.00000","","0.00000","","0.00000"
"217","A","32","R","6","BAK","MARR 24","0.30000","MARR 36","0.34070","MARR 46","0.04000","CZ36/46","0.04000","FLUO","0.01200","PIRIT","0.00670","MAG","0.00550","CAL","0.00800","RESPOL","0.14900","RESLIQ","0.05800","SIL","0.00010","OH","0.04000"
"218","C V","46","K L","6","V","CV 30","0.15770","CV 46","0.31550","CV 60","0.15770","AR36/46","0.12620","A73N","0.10100","B64N","0.05050","AS30","0.02272","HAR","0.01356","AGUA","0.05520","","0.00000","","0.00000","","0.00000"
"219","99B","46","K L","5","V","BCO46","0.56610","BCO36","0.22970","AE67","0.09043","CA55","0.05310","HAR","0.01578","AGUA","0.04483","","0.00000","","0.00000","","0.00000","","0.00000","","0.00000","","0.00000"
"220","99B","46","H","8","V","BCO46","0.56680","BCO36","0.24290","BB46","0.05668","AE67","0.02834","AN75","0.02834","AS30","0.02429","HAR","0.01619","AGUA","0.03644","","0.00000","","0.00000","","0.00000","","0.00000"
"221","RUBI","70","O/P","5","V","RU60","0.36380","RU80","0.36380","BCO100","0.06070","B64N","0.18130","AGUA","0.03032","","0.00000","","0.00000","","0.00000","","0.00000","","0.00000","","0.00000","","0.00000"
"222","C N","46","R","5","V","CN 36","0.12800","CN 60","0.10140","MAR46","0.07400","CN120","0.19120","AR60","0.19120","CZ120","0.08230","A73N","0.11390","B55N","0.05486","AGUA","0.06317","","0.00000","","0.00000","","0.00000"
"223","C V","120","K L","5","V","CV120","0.61260","ARF","0.12760","A73N","0.10860","B55N","0.05426","HAR","0.01531","AGUA","0.08167","","0.00000","","0.00000","","0.00000","","0.00000","","0.00000","","0.00000"
"224","C V","80","K L","5","V","CV 80","0.39240","CV 60","0.10520","CN120","0.12420","AR60/80","0.12420","A73N","0.10930","B64N","0.05413","HAR","0.01572","AGUA","0.07476","","0.00000","","0.00000","","0.00000","","0.00000"
"225","C N","80","K","5","V","CN 80","0.32830","CN 60","0.17370","CN120","0.12540","AR80","0.12540","A73N","0.10530","B55N","0.05267","HAR","0.00736","AGUA","0.08179","","0.00000","","0.00000","","0.00000","","0.00000"
"226","99 R","24","R","4","BAK","BCO 24","0.20000","MARR 24","0.21540","BCO 36","0.25000","MARR 46","0.04940","CZ 36/46","0.04000","FLUO","0.01200","PIRIT","0.01000","MAG","0.00420","CAL","0.00250","RES PO","0.15500","RES LIQ","0.05900","OH","0.00250"
"227","99B","54","L","7","V","BCO46","0.56460","BCO60","0.19680","AS30","0.02171","A73N","0.07613","AE67","0.03800","BB46","0.03800","HAR","0.01694","AGUA","0.04777","","0.00000","","0.00000","","0.00000","","0.00000"
"228","C N","36","R","6","BAK","CS 24","0.20200","CS 36","0.46540","CS 46","0.04090","AR CS36/46","0.05200","FLUO","0.01200","MAG","0.00420","CAL","0.00400","RESPOL","0.15950","RESLIQ","0.06000","","0.00000","","0.00000","","0.00000"
"229","C N","54","J K","8","V","CN 60","0.29050","CN 46","0.29050","AR60/80","0.14500","AS30","0.02180","A73N","0.10650","B55N","0.05321","HAR","0.00840","AGUA","0.08402","","0.00000","","0.00000","","0.00000","","0.00000"
"230","99B","54","L","10","V","BCO46","0.38760","BCO60","0.38760","NU12","0.01776","BB46","0.06616","AN75","0.03686","AE67","0.03686","HAR","0.01776","AGUA","0.04930","","0.00000","","0.00000","","0.00000","","0.00000"
"231","99R","36","I","5","V","BCO36","0.66620","BCO46","0.16660","B55N","0.10830","OH","0.00066","HAR","0.01665","AGUA","0.04163","","0.00000","","0.00000","","0.00000","","0.00000","","0.00000","","0.00000"
"232","99B","80","K","5","V","BCO80","0.59820","BCO60","0.20000","AE67","0.09036","CA55","0.05327","HAR","0.01273","AGUA","0.04545","","0.00000","","0.00000","","0.00000","","0.00000","","0.00000","","0.00000"
"233","99R","36","J","10","V","BCO36","0.63840","BCO46","0.16010","B64N","0.12750","NU12","0.02040","OH","0.00061","HAR","0.01326","AGUA","0.03977","","0.00000","","0.00000","","0.00000","","0.00000","","0.00000"
"234","OA","46","M","5","V","MAR46","0.64040","MAR36","0.15910","AE67","0.08958","B55N","0.07031","AGUA","0.04060","","0.00000","","0.00000","","0.00000","","0.00000","","0.00000","","0.00000","","0.00000"
"235","OA","90","L M","5","V","MAR80","0.65380","MAR120","0.13020","B64N","0.15680","HAR","0.01480","AGUA","0.04440","","0.00000","","0.00000","","0.00000","","0.00000","","0.00000","","0.00000","","0.00000"
"236","OA","120","S","5","V","MAR120","0.72400","B64N","0.21720","AGUA","0.05870","","0.00000","","0.00000","","0.00000","","0.00000","","0.00000","","0.00000","","0.00000","","0.00000","","0.00000"
"237","OA","120","Q","5","V","MAR120","0.70400","RR100FS/H","0.07042","AE67","0.11760","B64N","0.05845","AGUA","0.04950","","0.00000","","0.00000","","0.00000","","0.00000","","0.00000","","0.00000","","0.00000"
"238","99B","46","L","10","V","BCO46","0.58930","BCO36","0.17760","NU20","0.01100","A73N","0.07651","AE67","0.03825","BB46","0.03825","HAR","0.01672","AGUA","0.05234","","0.00000","","0.00000","","0.00000","","0.00000"
"239","OA","100","O","5","V","MAR80","0.36550","MAR120","0.40930","AE67","0.11690","B64N","0.05850","AGUA","0.04970","","0.00000","","0.00000","","0.00000","","0.00000","","0.00000","","0.00000","","0.00000"
"240","C N","46","JK","8","V","CN 46","0.41080","CN 36","0.17030","AR36/46","0.14530","A73N","0.10650","B55N","0.05340","AS30","0.02179","HAR","0.00800","AGUA","0.08400","","0.00000","","0.00000","","0.00000","","0.00000"
"241","A"," 14","O","8","BAK","MAR 14","0.68000","CZ 20/24","0.09620","PIRIT","0.04000","OH","0.00280","CAL","0.00380","MAG","0.00420","RESPO","0.12800","RESLIQ","0.04500","","0.00000","","0.00000","","0.00000","","0.00000"
"242","99R","36","I","6","BAK","BCO36","0.43880","MAR46","0.43000","OH","0.02000","RR100F","0.00617","RESPOL","0.07900","RESLIQ","0.02591","SIL","0.00010","","0.00000","","0.00000","","0.00000","","0.00000","","0.00000"
"243","99RU","70","LM","5","V","BCO 60","0.52670","RU 80","0.25690","BB46","0.07836","AE67","0.03918","AN75","0.03918","HAR","0.01556","AGUA","0.04411","","0.00000","","0.00000","","0.00000","","0.00000","","0.00000"
"244","AC","24","K","6","BAK","NEG 20","0.20000","NEG 24","0.20750","MARR 20","0.21000","MARR 24","0.20500","CAL","0.00250","MAG","0.00500","GRAF","0.01000","FLUO","0.01000","RESLIQ","0.04000","RESPO","0.11000","","0.00000","","0.00000"
"245","AC","14","---","8","EP","MAR 14","0.29110","AG GR","0.29110","AG20/24","0.20190","EPO PLAST","0.18300","CAT","0.03286","","0.00000","","0.00000","","0.00000","","0.00000","","0.00000","","0.00000","","0.00000"
"246","LS","14","P","10","S","NEG 14/24","0.35870","ARG 24","0.12740","PERL","0.03840","MAG","0.25520","SOLU","0.22030","","0.00000","","0.00000","","0.00000","","0.00000","","0.00000","","0.00000","","0.00000"
"247","99B","20","R","5","BAK","BCO 20","0.25000","BCO 24","0.30000","MARR 36","0.16000","CZ 36/46","0.04350","FLUOR","0.01200","GRAF","0.01500","CAL","0.00250","RES POLVO","0.15500","RES LIQ","0.05950","OH","0.00250","","0.00000","","0.00000"
"248","99RC","C24","L","5","BAK","BCO24","0.25000","RUBI 46","0.20000","NEGRO 24","0.20000","MARR20","0.10400","FLUOR","0.01200","GRAF","0.01500","CAL","0.00250","RES.POLV","0.15500","RES LIQ","0.05900","OH","0.00250","","0.00000","","0.00000"
"249","99B","100","J","5","V","BCO100","0.57320","BCO80","0.24530","AE67","0.07790","CA55","0.04655","HAR","0.01627","AGUA","0.04069","","0.00000","","0.00000","","0.00000","","0.00000","","0.00000","","0.00000"
"250","A","54","R","4","BAK","MAR46","0.42000","BCO 60","0.29000","OH","0.02060","MAG","0.00800","FLUO","0.01600","RES POLVO","0.17850","RES LIQ","0.05900","CAL","0.00800","","0.00000","","0.00000","","0.00000","","0.00000"
"251","99R","120","K L","5","V","BCO120","0.44680","BCO100","0.33090","B64N","0.15550","OH","0.00130","HAR","0.01495","AGUA","0.05047","","0.00000","","0.00000","","0.00000","","0.00000","","0.00000","","0.00000"
"252","C N","180","N/O","5","V","CN 3F","0.35600","CN150","0.35600","A73N","0.12950","B55N","0.06470","HAR","0.01290","AGUA","0.08090","","0.00000","","0.00000","","0.00000","","0.00000","","0.00000","","0.00000"
"253","AC","100","0","3","BAK","MARR 120","0.45300","CN 100","0.22000","GRAF","0.14000","RESPOL","0.13000","RESLIQ","0.05700","","0.00000","","0.00000","","0.00000","","0.00000","","0.00000","","0.00000","","0.00000"
"254","99B","120","K","5","V","BCO120","0.56450","BCO100","0.24170","BB46","0.06420","AE67","0.03634","AN75","0.03634","HAR","0.01696","AGUA","0.03997","","0.00000","","0.00000","","0.00000","","0.00000","","0.00000"
"255","A","54","Q/R","4","BAK","MARR 36","0.20830","MARR 46","0.25000","BCO 36","0.08300","BCO 46","0.16630","RC25POLVO","0.17700","RESLIQ","0.05600","CAL","0.00100","FLUO","0.01670","OH","0.03750","MAG","0.00420","","0.00000","","0.00000"
"256","49A","70","K","5","V","MAR46","0.06549","MAR60","0.56740","BCO120","0.15800","BB46","0.10700","AE67","0.04318","HAR","0.01427","AGUA","0.04461","","0.00000","","0.00000","","0.00000","","0.00000","","0.00000"
"257","C N","36","Q/R","6","BAK","CN 36","0.32000","MAR36","0.16000","AR36/46","0.16000","RR100F","0.16000","FLUO","0.08000","MAG","0.00800","RESLIQ","0.03200","RESPOL","0.08000","","0.00000","","0.00000","","0.00000","","0.00000"
"258","99R","60","L","5","V","BCO 60","0.40610","BCO 46","0.20300","BCO 100","0.20300","AC64","0.08122","B64N","0.04060","HAR","0.01523","AGUA","0.05080","","0.00000","","0.00000","","0.00000","","0.00000","","0.00000"
"259","49A","54","L M","5","V","BCO 46","0.39040","MAR60","0.31660","MAR80","0.09409","AE67","0.10140","B64N","0.05090","AGUA","0.04657","","0.00000","","0.00000","","0.00000","","0.00000","","0.00000","","0.00000"
"260","49A","24","R","5","V","BCO24","0.37750","MAR20","0.32860","MAR36","0.07860","AE67","0.11320","B64N","0.05990","AGUA","0.04219","","0.00000","","0.00000","","0.00000","","0.00000","","0.00000","","0.00000"
"261","OA","20","R","5","V","MAR 14","0.15760","MAR 20","0.47230","MAR 24","0.15760","AE67","0.11550","B64N","0.05780","AGUA","0.03913","","0.00000","","0.00000","","0.00000","","0.00000","","0.00000","","0.00000"
"262","RUBI","70","M","5","V","RU 60","0.46030","RU 80","0.23220","BCO100","0.10230","BB46N","0.07930","AE67","0.03990","AN75","0.03990","HAR","0.01023","AGUA","0.03580","","0.00000","","0.00000","","0.00000","","0.00000"
"263","99B","24","K L","5","V","BCO24","0.47680","BCO36","0.31920","BB46","0.07126","AE67","0.03563","AN75","0.03563","HAR","0.01592","AGUA","0.04549","","0.00000","","0.00000","","0.00000","","0.00000","","0.00000"
"264","C V","80","K","10","V","CV 80","0.37670","CV 60","0.11300","CV120","0.12240","AR60/80","0.12240","NU20","0.02196","A73N","0.10770","B64N","0.05356","HAR","0.01530","AGUA","0.06689","","0.00000","","0.00000","","0.00000"
"265","99B","36","I","10","V","BCO24","0.15820","BCO36","0.63350","NU20","0.02375","BB46","0.05544","AE67","0.02771","AN75","0.02771","HAR","0.02408","AGUA","0.04959","","0.00000","","0.00000","","0.00000","","0.00000"
"266","OA","100","R","5","BAK","MAR100","0.74420","GRAF","0.03000","OH","0.00858","MAG","0.00429","RESPOL","0.15800","RESLIQ","0.05500","","0.00000","","0.00000","","0.00000","","0.00000","","0.00000","","0.00000"
"267","49A","20","K","8","V","MAR20","0.45220","BCO24","0.30150","AE67","0.10550","B64N","0.04522","AS30","0.04522","HAR","0.01009","AGUA","0.04020","","0.00000","","0.00000","","0.00000","","0.00000","","0.00000"
"268","49A","80","K L","5","V","MAR80","0.31670","BCO80","0.31670","MAR120","0.15790","AE67","0.10590","B55N","0.05243","AGUA","0.05034","","0.00000","","0.00000","","0.00000","","0.00000","","0.00000","","0.00000"
"269","ACV","24","P","4","BAK","CS 14/24","0.17700","CV 24","0.17700","MARR 20","0.18600","MARR 24","0.18600","ARG 20/24","0.05600","FLUO","0.01400","OH","0.00150","CAL","0.00800","MAG","0.00400","RES.PO","0.13550","RES.LIQ","0.05500","","0.00000"
"270","99R","220","MN","5","V","ROSA220","0.77510","B64N","0.17030","OH","0.00050","HAR","0.00815","AGUA","0.04589","","0.00000","","0.00000","","0.00000","","0.00000","","0.00000","","0.00000","","0.00000"
"271","A","24","P","4","BAK","MAR24","0.70850","CZ36/46","0.07500","FLUO","0.01170","PIRIT","0.01000","MAG","0.00400","CAL","0.00450","OH","0.00230","RESPOL","0.13400","RESLIQ","0.05000","","0.00000","","0.00000","","0.00000"
"272","C N","54","K","5","BAK","CN54","0.56800","AR60/80","0.20000","FLUO","0.01000","MAG","0.00500","OH","0.00250","CAL","0.00350","RESPOL","0.15100","RESLIQ","0.06000","","0.00000","","0.00000","","0.00000","","0.00000"
"273","A C","24","P","6","V","MAR 24","0.46150","CS 20/24","0.24740","CZ 36/46","0.07476","FLUO","0.01200","PIRIT","0.01015","MAG","0.00387","CAL","0.00443","OH","0.00221","RESPOL","0.13380","RESLIQ","0.04984","","0.00000","","0.00000"
"274","49A","46","H","6","V","MAR46","0.58650","BCO36","0.23350","AE67","0.07106","B64N","0.03557","HAR","0.01571","AGUA","0.05760","","0.00000","","0.00000","","0.00000","","0.00000","","0.00000","","0.00000"
"275","C N","16","R","6","BAK","CN16","0.39960","CN20","0.33170","ARM","0.06594","MAG","0.00599","FLUO","0.02397","RESPOL","0.12990","RESLIQ","0.04195","SIL","0.00087","","0.00000","","0.00000","","0.00000","","0.00000"
"276","A C","46","P","5","BAK","C N 46","0.15350","MAR 46","0.60000","GRAF","0.10050","RESPOL","0.10050","RESLIQ","0.04550","","0.00000","","0.00000","","0.00000","","0.00000","","0.00000","","0.00000","","0.00000"
"277","99R","70","MN","5","V","BCO60","0.48250","BCO80","0.24230","BCO120","0.05539","B55N","0.16380","OH","0.00070","HAR","0.01471","AGUA","0.04067","","0.00000","","0.00000","","0.00000","","0.00000","","0.00000"
"308","C N","120","P","4","BAK","C 120","0.65000","C  100","0.09300","100 F","0.01000","MAG","0.00300","CAL","0.00400","OH","0.02500","RESPOLVO","0.15000","RESLIQ","0.06500","","0.00000","","0.00000","","0.00000","","0.00000"
"278","99B","60","JK","8","V","BCO60","0.60440","BCO46","0.18140","AS30","0.02350","BB46","0.06664","AE67","0.03332","AN75","0.03332","HAR","0.01203","AGUA","0.04535","","0.00000","","0.00000","","0.00000","","0.00000"
"279","C N","30","P","5","BAK","CN30","0.57230","AR36/46","0.18770","FLUO","0.09615","MAG","0.00916","RESPOL","0.09615","RESLIQ","0.03846","","0.00000","","0.00000","","0.00000","","0.00000","","0.00000","","0.00000"
"280","99B","46","J","10","V","BCO46","0.54990","BCO36","0.23520","NU20","0.01820","BB46","0.06263","AE67","0.03132","AN75","0.03132","HAR","0.01639","AGUA","0.05499","","0.00000","","0.00000","","0.00000","","0.00000"
"281","C N","54","M","5","V","CN 60","0.27570","CN 46","0.27570","CN120","0.03808","AR60/80","0.11840","A73N","0.11850","B55N","0.05924","HAR","0.00987","AGUA","0.10450","","0.00000","","0.00000","","0.00000","","0.00000"
"282","A","14","R","6","BAK","MAR14","0.35000","MAR20","0.34500","CZ20/24","0.08660","FLUO","0.01400","OH","0.02000","CAL","0.00967","RESPOL","0.11000","RESLIQ","0.04000","MAG","0.00470","PIRIT","0.02000","","0.00000","","0.00000"
"283","C/CV","80","K","5","V","CV 80","0.27260","CV 60","0.04092","CN 80","0.13230","CN 60","0.05263","CV120","0.12470","AR60/80","0.12470","A73N","0.10960","B64N","0.05448","HAR","0.01571","AGUA","0.07229","","0.00000","","0.00000"
"284","AC","20","R","6","BAK","CS 16","0.05500","CS 20","0.20200","CS 24","0.05000","MARR 20","0.30470","BCO 24","0.19050","CAL","0.00280","MAG","0.00500","FLUO","0.01000","RES PO","0.11500","RES LI","0.04500","OH","0.02000","","0.00000"
"285","C V","120","MN","5","V","CV 120","0.59600","AR80F","0.12350","A73N","0.12000","B55N","0.06000","HAR","0.01480","AGUA","0.08570","","0.00000","","0.00000","","0.00000","","0.00000","","0.00000","","0.00000"
"286","AC","80","K","4","BAK","MAR 80","0.45000","CN 80","0.30000","GRAF","0.11000","RES POLVO","0.09500","RES LIQ","0.04500","","0.00000","","0.00000","","0.00000","","0.00000","","0.00000","","0.00000","","0.00000"
"287","OA","54","Q","5","V","MAR 46","0.32580","MAR 60","0.32580","MAR 80","0.10600","AE67","0.12630","B64N","0.06310","AGUA","0.05300","","0.00000","","0.00000","","0.00000","","0.00000","","0.00000","","0.00000"
"288","49A","80","O","4","BAK","BCO 80","0.33850","MAR 80","0.44640","MAG","0.00660","OH","0.04500","CAL","0.00850","RESLIQ","0.04000","RESPOL","0.11500","","0.00000","","0.00000","","0.00000","","0.00000","","0.00000"
"289","A","36","Q","5","BAK","MAR 24","0.28430","MAR 36","0.42800","CZ 24/36","0.05900","OH","0.04800","CAL","0.00350","MAG","0.00420","RESPOL","0.13000","RESLIQ","0.04300","","0.00000","","0.00000","","0.00000","","0.00000"
"290","C N","220","P","5","V","CN 220","0.17020","CN 100","0.17020","AR80F","0.34050","CZ120","0.03405","A73N","0.12030","B55N","0.05675","AGUA","0.10800","","0.00000","","0.00000","","0.00000","","0.00000","","0.00000"
"291","C N","80","L","5","V","CN 80","0.49750","CN120","0.12480","AR80","0.12480","A73N","0.11000","B55N","0.05470","HAR","0.01150","AGUA","0.07680","","0.00000","","0.00000","","0.00000","","0.00000","","0.00000"
"292","C N","100","L","5","V","CN100","0.62600","ARF","0.12500","A73N","0.11010","B55N","0.05508","HAR","0.01300","AGUA","0.07090","","0.00000","","0.00000","","0.00000","","0.00000","","0.00000","","0.00000"
"293","49A","20","L","5","V","MAR20","0.40650","BCO24","0.40650","AE67","0.09760","B64N","0.04880","AGUA","0.04060","","0.00000","","0.00000","","0.00000","","0.00000","","0.00000","","0.00000","","0.00000"
"294","OA","100","Q","5","BAK","MAR120","0.32350","MAR80","0.44640","MAG","0.00660","OH","0.04500","CAL","0.00850","RESLIQ","0.04500","RESPO","0.12500","","0.00000","","0.00000","","0.00000","","0.00000","","0.00000"
"295","C N","120","M","5","V","AR80F","0.26120","CV120","0.19850","CN100","0.22990","CZ120","0.03448","A73N","0.11490","B55N","0.05747","AGUA","0.10350","","0.00000","","0.00000","","0.00000","","0.00000","","0.00000"
"296","C V","180","O","5","V","CV180","0.59410","AR80F","0.12000","A73N","0.13350","B55N","0.06675","HAR","0.01220","AGUA","0.07343","","0.00000","","0.00000","","0.00000","","0.00000","","0.00000","","0.00000"
"297","CV","120","JK","6","BAK","CV120","0.55480","CV100","0.31650","AR80F","0.00795","OH","0.00397","RESLIQ","0.02496","RESPOL","0.09173","","0.00000","","0.00000","","0.00000","","0.00000","","0.00000","","0.00000"
"298","CV","46","JK","6","BAK","CV46","0.55480","CV60","0.31650","AR80F","0.00795","OH","0.00397","RESLIQ","0.02496","RESPOL","0.09173","","0.00000","","0.00000","","0.00000","","0.00000","","0.00000","","0.00000"
"299","OA","70","M","5","V","MAR60","0.39430","MAR80","0.39430","AE67","0.10510","B64N","0.05990","AGUA","0.04646","","0.00000","","0.00000","","0.00000","","0.00000","","0.00000","","0.00000","","0.00000"
"300","OA","60","JK","5","V","MAR60","0.49500","MAR46","0.19700","MAR80","0.13180","AE67","0.08290","B64N","0.04920","AGUA","0.04411","","0.00000","","0.00000","","0.00000","","0.00000","","0.00000","","0.00000"
"301","99R","90","KL","5","V","BCO100","0.34660","BCO 80","0.43930","B64N","0.14930","OH","0.00066","HAR","0.01361","AGUA","0.05051","","0.00000","","0.00000","","0.00000","","0.00000","","0.00000","","0.00000"
"302","C V","70","J","10","V","CV80","0.25040","CV60","0.25040","CN120","0.12560","AR60/80","0.12560","A73N","0.10030","B64N","0.05017","NU20","0.01948","HAR","0.01462","AGUA","0.06335","","0.00000","","0.00000","","0.00000"
"303","A","20","p","6","BAK","MARR20","0.45000","MARR 24","0.20000","MARR 36","0.02900","BCO 24","0.12000","FLUO","0.01000","PIRIT","0.00780","MG","0.00420","CAL","0.00700","RC18 POL","0.10000","RESLIQ","0.04000","OH","0.03200","","0.00000"
"304","C N","54","Q","5","BAK","CN 46","0.38200","CN 60","0.29700","MAG","0.00350","OH","0.03950","RESPO","0.19000","RESLIQ","0.06300","CAL","0.01000","FLUO","0.00700","PIRIT","0.00800","","0.00000","","0.00000","","0.00000"
"305","99B","46","H","5","V","BCO36","0.57520","BCO46","0.24630"," BB46","0.05859","AE67","0.02796","AN75","0.02796","HAR","0.01864","AGUA","0.04527","","0.00000","","0.00000","","0.00000","","0.00000","","0.00000"
"306"," ZIP","54","R","4","BAK","MARR 46","0.23500","MARR 60","0.19700","ZIR 46","0.15000","ZIR 60","0.10000","MAG","0.00350","OH","0.03950","CAL","0.00700","FLUO","0.00700","PIRIT","0.00800","RESPOLVO","0.19000","RESLIQ","0.06300","","0.00000"
"307","AC","14","Q","8","EP","MARR 14","0.41310","AG20/24","0.38520","CAT SCH","0.07843","EPOX SCH","0.12320","","0.00000","","0.00000","","0.00000","","0.00000","","0.00000","","0.00000","","0.00000","","0.00000"
"309","CV","60","H","8","V","CV60","0.31290","CV46","0.18740","CV120","0.12500","AR60/80","0.12500","AS30","0.02980","A73N","0.09010","B64N","0.04502","HAR","0.01374","AGUA","0.07100","","0.00000","","0.00000","","0.00000"
"310","C N","46","J","10","V","CN46","0.41640","CN36","0.17240","AR36/46","0.14730","A73N","0.09794","B55N","0.04930","NU2O","0.02205","HAR","0.00936","AGUA","0.08515","","0.00000","","0.00000","","0.00000","","0.00000"
"311","99B","46","LM","10","V","BCO 60","0.03822","BCO 46","0.53700","BCO36","0.17370","NU20","0.01070","A73N","0.08236","AE67","0.04108","CA55","0.04108","HAR","0.01681","AGUA","0.05904","","0.00000","","0.00000","","0.00000"
"312","49A","46","LM","5","V","MAR46","0.55000","BCO36","0.23490","AE67","0.10470","B64N","0.05235","HAR","0.00861","AGUA","0.04937","","0.00000","","0.00000","","0.00000","","0.00000","","0.00000","","0.00000"
"313","99B","46","L","12","V","BCO46","0.52650","BCO36","0.22730","NU13","0.01070","A73N","0.07919","AE67","0.03981","CA55","0.03981","HAR","0.01625","AGUA","0.06050","","0.00000","","0.00000","","0.00000","","0.00000"
"314","CV","54","JK","12","V","CV 46","0.32000","CV 60","0.31670","AR 60/80","0.12500","NU12/2","0.01660","B64N","0.04090","A73N","0.09780","HAR","0.01200","AGUA","0.07100","","0.00000","","0.00000","","0.00000","","0.00000"
"315","CN","36","J","10","BAK","CN 36","0.67000","AR MED","0.10000","CN 46","0.03860","MAG","0.00580","FLUO","0.02360","GRANU20/24","0.02000","RESLIQ","0.03200","RESPO","0.11000","","0.00000","","0.00000","","0.00000","","0.00000"
"316","CN","60","Q","5","V","CN 60","0.49470","CN 80","0.16420","CN 120","0.05543","A73N","0.12800","B55N","0.06396","HAR","0.00831","AGUA","0.08530","","0.00000","","0.00000","","0.00000","","0.00000","","0.00000"
"317","49A","54.","M","5","V","MAR60","0.33240","MAR46","0.33240","BCO80","0.11620","AE67","0.10330","B64N","0.06900","AGUA","0.04660","","0.00000","","0.00000","","0.00000","","0.00000","","0.00000","","0.00000"
"318","99B","54.","L","10","V","BCO46","0.37950","BCO60","0.37950","NU20","0.01080","AE67","0.07592","A73N","0.07592","HAR","0.01664","AGUA","0.06172","","0.00000","","0.00000","","0.00000","","0.00000","","0.00000"
"319","OA","80","L","7","V","MAR80","0.61220","MAR120","0.15180","AS30","0.03820","AE67","0.10180","B64N","0.05102","AGUA","0.04489","","0.00000","","0.00000","","0.00000","","0.00000","","0.00000","","0.00000"
"320","99B","80","L","7","V","BCO80","0.57880","BCO60","0.19260","AS30","0.02574","BB46","0.07724","AE67","0.03810","AN75","0.03810","HAR","0.01338","AGUA","0.03600","","0.00000","","0.00000","","0.00000","","0.00000"
"321","99B","100","L","7","V","BCO100","0.57340","BCO80","0.19080","AS30","0.02551","BB46","0.08061","AE67","0.04036","AN75","0.04036","HAR","0.01326","AGUA","0.03571","","0.00000","","0.00000","","0.00000","","0.00000"
"322","A","120","Q","5","V","MAR120","0.76810","AE67","0.11800","B64N","0.05899","AGUA","0.05487","","0.00000","","0.00000","","0.00000","","0.00000","","0.00000","","0.00000","","0.00000","","0.00000"
"323","99B","46","J","8","V","BCO46","0.54690","BCO36","0.23420","AE67","0.08287","CA55","0.04149","AS30","0.03867","HAR","0.01823","AGUA","0.03757","","0.00000","","0.00000","","0.00000","","0.00000","","0.00000"
"324","99B","150","K","5","V","BCO120","0.80710","AE67","0.08571","CA55","0.05000","HAR","0.01784","AGUA","0.03927","","0.00000","","0.00000","","0.00000","","0.00000","","0.00000","","0.00000","","0.00000"
"325","99B","46","JK","8","V","BCO46","0.54200","BCO36","0.23180","AS30","0.03863","AE67","0.08750","CA55","0.04432","HAR","0.01818","AGUA","0.03750","","0.00000","","0.00000","","0.00000","","0.00000","","0.00000"
"326","49A","80","M","5","V","MAR80","0.31180","BCO80","0.31210","MAR120","0.15600","AE67","0.11700","B64N","0.05292","AGUA","0.05013","","0.00000","","0.00000","","0.00000","","0.00000","","0.00000","","0.00000"
"327","A","30","P","4","BAQ","BCO 24","0.10800","MAR 24","0.23430","MAR 36","0.39800","CZ 24/36","0.05900","PIRIT","0.04800","CAL","0.00350","MAG","0.00420","RESPO","0.11000","RESLIQ","0.03500","","0.00000","","0.00000","","0.00000"
"328","AC","24","O","6","BAK","NEG 24","0.30000","MAR 24","0.50150","CAL","0.00350","MAG","0.00500","FLUO","0.01000","OH","0.03000","RESLIQ","0.04000","RESPO","0.11000","","0.00000","","0.00000","","0.00000","","0.00000"
"329","99RU","100","LM","5","V","RU80","0.39590","BCO120","0.39590","BB46","0.07982","AE67","0.03831","AN75","0.03831","HAR","0.01340","AGUA","0.03831","","0.00000","","0.00000","","0.00000","","0.00000","","0.00000"
"330","99B","180","K","5","V","BCO180","0.80000","BB46","0.07200","AN75","0.03600","AE67","0.03600","HAR","0.01600","AGUA","0.04000","","0.00000","","0.00000","","0.00000","","0.00000","","0.00000","","0.00000"
"331","CV","320","N/O","5","V","CV320","0.71160","A73N","0.13280","B55N","0.06637","HAR","0.01180","AGUA","0.07740","","0.00000","","0.00000","","0.00000","","0.00000","","0.00000","","0.00000","","0.00000"
"332","CN","30","N","5","V","CN24","0.27900","CN36","0.27900","CN80","0.03968","ARM","0.11410","CZ120","0.06200","A73N","0.10960","B55N","0.05208","AGUA","0.06448","","0.00000","","0.00000","","0.00000","","0.00000"
"333","C/CV","60","KL","5","V","CV60","0.31760","CN46","0.19040","CV120","0.12720","AR60/80","0.12730","A73N","0.10160","B64N","0.05080","HAR","0.01283","AGUA","0.07220","","0.00000","","0.00000","","0.00000","","0.00000"
"334","99B","80","I","5","V","BCO 80","0.60920","BCO60","0.20370","BB46","0.06111","AE67","0.03055","AN75","0.03055","HAR","0.01851","AGUA","0.04629","","0.00000","","0.00000","","0.00000","","0.00000","","0.00000"
"335","CV","46","JK","8","V","CV30","0.15570","CV46","0.31320","CV60","0.15570","AR36/46","0.12470","AS30","0.02995","A73N","0.10000","B64N","0.04983","HAR","0.01636","AGUA","0.05446","","0.00000","","0.00000","","0.00000"
"336","A","16","Q","6","BAK","MAR 14","0.21330","MAR 16","0.30000","MAR 20","0.23500","CZ 20/24","0.03000","FLUO","0.01400","OH","0.00010","CAL","0.01100","RESPO","0.11000","RESLIQ","0.04200","MAG","0.00467","OX NE","0.04000","","0.00000"
"337","OA","70","O","6","V","MAR60","0.30080","MAR80","0.30080","MAR120","0.15000","B55N","0.12570","A73N","0.06315","AGUA","0.05955","","0.00000","","0.00000","","0.00000","","0.00000","","0.00000","","0.00000"
"338","99B","80","H","6","V","BCO80","0.62060","BCO60","0.20680","AE67","0.06739","CA55","0.03918","HAR","0.01920","AGUA","0.04679","","0.00000","","0.00000","","0.00000","","0.00000","","0.00000","","0.00000"
"339","AC","20","Q","8","EP","MARR 20","0.45310","AG 20/24","0.38520","CAT SCH","0.06240","EPOX SCH","0.09930","","0.00000","","0.00000","","0.00000","","0.00000","","0.00000","","0.00000","","0.00000","","0.00000"
"340","RUBI","60","R","4","BAK","RUBI 60","0.68200","MAG","0.00403","OH","0.03945","RES.POL","0.19020","RES.LIQ","0.06312","CAL","0.00701","FLUO","0.01315","PIRIT","0.00096","","0.00000","","0.00000","","0.00000","","0.00000"
"341","OA","16","O","6","BAK","MAR14","0.26000","MAR16","0.29300","MAR20","0.22000","CZ20/24","0.01800","FLUO","0.01400","OH","0.00010","CAL","0.01000","RESPOL","0.10000","RESLIQ","0.04000","MAG","0.00500","OXNE","0.04000","","0.00000"
"342","OA","46","JK","5","V","MAR46","0.60060","MAR36","0.20020","AE67","0.07507","B64N","0.05305","HAR","0.01101","AGUA","0.06006","","0.00000","","0.00000","","0.00000","","0.00000","","0.00000","","0.00000"
"343","C V","46","L","5","V","CV 46","0.37000","CV 36","0.14060","CV 80","0.10360","AR36/46","0.14060","A73N","0.10360","B55N","0.04820","HAR","0.01924","AGUA","0.07415","","0.00000","","0.00000","","0.00000","","0.00000"
"358","ESPE","54","R","4","BAK","MARR 36","0.20830","MARR 46","0.25000","BCO 36","0.16260","BCO 24","0.09000","RC25POLVO","0.17800","RESLIQ","0.05550","FLUO","0.01650","MAG","0.00410","GRAF","0.03500","","0.00000","","0.00000","","0.00000"
"345","CV","36","J","5","BAK","CV 36","0.58620","CV 46","0.25000","AR80F","0.00930","FLUO","0.01000","CAL","0.00300","OH","0.01000","MAG","0.00350","RES.LIQ","0.03000","RESPOLVO","0.09800","","0.00000","","0.00000","","0.00000"
"346","49A","70","Q","5","VIT","MAR46","0.06168","MAR60","0.53610","MAR120","0.07850","RR80Fs/h","0.07000","AE67","0.11980","B55N","0.08142","AGUA","0.05248","","0.00000","","0.00000","","0.00000","","0.00000","","0.00000"
"347","99R","24","JK","5","V","BCO24","0.56910","BCO36","0.24360","B64N","0.13070","OH","0.00058","HAR","0.01668","AGUA","0.03925","","0.00000","","0.00000","","0.00000","","0.00000","","0.00000","","0.00000"
"348","LS","12","P","6","FRIA","CN12","0.18690","CN16","0.04672","CN20","0.04672","AG24","0.16350","PERL","0.03504","MAG","0.30990","CLOR","0.21120","","0.00000","","0.00000","","0.00000","","0.00000","","0.00000"
"349","A","33","R","6","BAK","A 24","0.31680","A 36","0.36500","CZ36/46","0.04000","FLUO","0.01170","MAG","0.00400","CAL","0.00750","RESPO25","0.15500","RESLIQ","0.06000","OH","0.04000","","0.00000","","0.00000","","0.00000"
"350","99R","120","J","5","V","BCO120","0.55760","BCO100","0.24780","B64N","0.12890","OH","0.00062","HAR","0.00929","AGUA","0.05576","","0.00000","","0.00000","","0.00000","","0.00000","","0.00000","","0.00000"
"351","OA","16","O/P","6","BAQ","MAR14","0.26000","MAR16","0.29300","MAR20","0.21500","CZ20/24","0.01300","FLUO","0.01400","CAL","0.01000","RESPOL18","0.10500","RESLIQ","0.04500","MAG","0.00500","OXNE","0.04000","","0.00000","","0.00000"
"352","OA","60","J","5","VIT","RR60/80","0.81200","AE67","0.08816","B64N","0.04176","HAR","0.01160","AGUA","0.04640","","0.00000","","0.00000","","0.00000","","0.00000","","0.00000","","0.00000","","0.00000"
"353","99B","46.","L","10","V","BCO46","0.75450","NU20","0.01070","A73N","0.10300","B55N","0.05549","HAR","0.01699","AGUA","0.05936","","0.00000","","0.00000","","0.00000","","0.00000","","0.00000","","0.00000"
"354","99B","70","JK","5","V","BCO60","0.64700","BCO 80","0.16170","AE67","0.08279","CA55","0.04878","HAR","0.01283","AGUA","0.04685","","0.00000","","0.00000","","0.00000","","0.00000","","0.00000","","0.00000"
"355","OA","120","R","5","BAK","MAR120","0.75700","GRAF","0.03000","RES.POL","0.15300","RES.LIQ","0.06000","","0.00000","","0.00000","","0.00000","","0.00000","","0.00000","","0.00000","","0.00000","","0.00000"
"356","RUBI","60","JK","8","V","RU60","0.46510","BCO60","0.32440","AE67","0.08023","CA55","0.04767","AS30","0.02325","HAR","0.01279","AGUA","0.04651","","0.00000","","0.00000","","0.00000","","0.00000","","0.00000"
"357","C N ","36","L","6","BAK","CN 36","0.46000","CN 46","0.31880","FLUO","0.01200","MG","0.00420","RC18 PO","0.13000","RES LIQ","0.05500","OH ","0.02000","","0.00000","","0.00000","","0.00000","","0.00000","","0.00000"
"359","A ES","54","Q","4","BAK","MARR 60","0.56000","BCO 80","0.17400","GRAF","0.02000","FLUO","0.00300","RC25POLVO","0.19000","RESLIQ","0.05300","","0.00000","","0.00000","","0.00000","","0.00000","","0.00000","","0.00000"
"360","99R","24","J","8","V","BCO24","0.55430","BCO36","0.23570","B64N","0.12740","OH","0.00055","HAR","0.01940","AS30","0.02383","AGUA","0.03880","","0.00000","","0.00000","","0.00000","","0.00000","","0.00000"
"361","C N","120","N","4","V","C N 100","0.70000","CV 120","0.04670","A 73 N","0.11850","B 55 N","0.05930","AGUA","0.07550","","0.00000","","0.00000","","0.00000","","0.00000","","0.00000","","0.00000","","0.00000"
"362","A","30","R/S","4","BAK","MARR 24","0.20000","MARR 36","0.55780","OH","0.03900","CAL","0.00400","FLUO","0.01300","MAG","0.00420","RESPOL18","0.13500","RESLIQ","0.04700","","0.00000","","0.00000","","0.00000","","0.00000"
"363","C N","46","Q","5","V","CN46","0.39930","CN36","0.16590","CN120","0.04116","AR36/46","0.14000","A73N","0.11460","B55N","0.06451","AGUA","0.07450","","0.00000","","0.00000","","0.00000","","0.00000","","0.00000"
"364","AC","40","Q","8","EP","MARR 36","0.38000","AM 36/46","0.42000","CAT SCH","0.07900","EPOX SCH","0.12100","","0.00000","","0.00000","","0.00000","","0.00000","","0.00000","","0.00000","","0.00000","","0.00000"
"365","A","100","J","6","BAK","RR100F","0.70000","CZ100","0.15200","OH","0.01500","RES.LIQ","0.03300","RESPOLVO","0.10000","","0.00000","","0.00000","","0.00000","","0.00000","","0.00000","","0.00000","","0.00000"
"366","A","46","J","7","BAK","A 46","0.36700","CZ 46/60","0.49700","OH","0.01000","RES.LIQ","0.03100","RESPOLVO","0.09500","","0.00000","","0.00000","","0.00000","","0.00000","","0.00000","","0.00000","","0.00000"
"367","A","24","J","8","BAK","A 24 ","0.36720","CZ36/24","0.50080","OH","0.01000","RES.LIQ","0.03200","RESPOLVO","0.09000","","0.00000","","0.00000","","0.00000","","0.00000","","0.00000","","0.00000","","0.00000"
"368","CN","120","K","5","V","CN120","0.50030","CN100","0.23600","A73N","0.10770","B55N","0.05420","HAR","0.01000","AGUA","0.09172","","0.00000","","0.00000","","0.00000","","0.00000","","0.00000","","0.00000"
"369","99B","120","LM","5","V","BCO120","0.77680","AE67","0.10280","CA55","0.06038","HAR","0.01412","AGUA","0.04600","","0.00000","","0.00000","","0.00000","","0.00000","","0.00000","","0.00000","","0.00000"
"370","C N","46","JK","5","V","CN46","0.51880","CN100","0.13040","AR36/46","0.13040","A73N","0.09353","B55N","0.04679","HAR","0.01212","AGUA","0.06788","","0.00000","","0.00000","","0.00000","","0.00000","","0.00000"
"371","99R","36","I/J","5","V","BCO36","0.54500","BCO24","0.27300","B64N","0.12270","OH","0.00065","HAR","0.01859","AGUA","0.04006","","0.00000","","0.00000","","0.00000","","0.00000","","0.00000","","0.00000"
"372","RUBI","46","H","8","V","RU46","0.57160","BCO36","0.24530","AE67","0.06671","CA55","0.03938","AS30","0.02387","HAR","0.01591","AGUA","0.03713","","0.00000","","0.00000","","0.00000","","0.00000","","0.00000"
"373","99B","60","H","10","V","BCO60","0.56790","BCO46","0.24360","NU20","0.02345","AE67","0.06625","CA55","0.03937","HAR","0.01586","AGUA","0.04350","","0.00000","","0.00000","","0.00000","","0.00000","","0.00000"
"375","C N","600","O","5","V","CN600","0.69730","A73N","0.13940","B55N","0.06972","HAR","0.01148","AGUA","0.08203","","0.00000","","0.00000","","0.00000","","0.00000","","0.00000","","0.00000","","0.00000"
